id_med,nom_med,id_lab,id_via,id_cat,id_especie
1,ACTUOL,1,1,1,1
2,ACTUOL,1,1,1,2
3,ADENOVAC,2,4,20,1
4,ADENOVAC,2,4,20,2
5,ADRECAINE,3,4,10,1
6,ADRECAINE,3,4,10,2
7,ADVANTAGE,4,11,29,1
8,ADVANTAGE,4,11,29,2
9,ADVANTAGE MULTI (Perros),4,11,29,1
10,ADVANTAGE MULTI (Perros),4,11,29,2
11,ADVANTIX,4,11,29,1
12,ADVANTIX,4,11,29,2
13,ALBEN MAX PUPPY,5,1,1,1
14,ALBEN MAX PUPPY,5,1,1,2
15,ALIN,2,1,3,1
16,ALIN,2,1,3,2
17,ALIN DEPOT,2,3,3,1
18,ALIN DEPOT,2,3,3,2
19,ALIN OFTÁLMICO,2,12,17,1
20,ALIN OFTÁLMICO,2,12,17,2
21,ALIN VETERINARIO,2,3,3,1
22,ALIN VETERINARIO,2,3,3,2
23,ALPHACEF,6,1,2,1
24,ALPHACEF,6,1,2,2
25,ALVEUM,3,1,3,1
26,ALVEUM,3,1,3,2
27,AMIBAC,3,1,2,1
28,AMIBAC,3,1,2,2
29,AMIKAVET-PE,7,1,1,1
30,AMIKAVET-PE,7,1,1,2
31,AMINOFORTE F,8,1,8,1
32,AMINOFORTE F,8,1,8,2
33,AMINO-VIT,9,1,8,1
34,AMINO-VIT,9,1,8,2
35,AMOXAL,10,1,2,1
36,AMOXAL,10,1,2,2
37,AMOXIDEX L.A.,11,1,2,1
38,AMOXIDEX L.A.,11,1,2,2
39,AMOXIPHORTE,12,1,2,1
40,AMOXIPHORTE,12,1,2,2
41,AMOXI-TABS C-250,9,1,2,1
42,AMOXI-TABS C-250,9,1,2,2
43,AMPI ESTREP con Flumetasona,9,1,2,1
44,AMPI ESTREP con Flumetasona,9,1,2,2
45,AMPIDON,7,1,2,1
46,AMPIDON,7,1,2,2
47,AMPROX L.A.,10,1,2,1
48,AMPROX L.A.,10,1,2,2
49,ANABEN 4,14,1,8,1
50,ANABEN 4,14,1,8,2
51,ANALVET,15,1,3,1
52,ANALVET,15,1,3,2
53,ANAPIRO,16,1,2,1
54,ANAPIRO,16,1,2,2
55,ANDOBIOTIC,16,1,2,1
56,ANDOBIOTIC,16,1,2,2
57,ANDOCI Fragancias,16,11,19,1
58,ANDOCI Fragancias,16,11,19,2
59,ANDOPIRO,16,1,2,1
60,ANDOPIRO,16,1,2,2
61,ANDOZINE 2%,16,3,22,1
62,ANDOZINE 2%,16,3,22,2
63,ANIMOX,14,1,2,1
64,ANIMOX,14,1,2,2
65,ANTIHELMÍNTICO Líquido Cheminova,17,1,1,1
66,ANTIHELMÍNTICO Líquido Cheminova,17,1,1,2
67,ANTIHISTAMÍNICO,18,3,9,1
68,ANTIHISTAMÍNICO,18,3,9,2
69,ANTISEP OFTÁLMICO,5,12,17,1
70,ANTISEP OFTÁLMICO,5,12,17,2
71,AP 920,19,1,8,1
72,AP 920,19,1,8,2
73,APODERM SPRAY,11,11,19,1
74,APODERM SPRAY,11,11,19,2
75,Ap-vax puppy,3,4,20,1
76,Ap-vax puppy,3,4,20,2
77,Ap-vax puppy plus,3,4,20,1
78,Ap-vax puppy plus,3,4,20,2
79,Ap-vax Q,3,4,20,1
80,Ap-vax Q,3,4,20,2
81,Ap -vax rabia,3,4,20,1
82,Ap -vax rabia,3,4,20,2
83,ARSIL,20,3,21,1
84,ARSIL,20,3,21,2
85,ARTRODOL SUSPENSIÓN,5,1,3,1
86,ARTRODOL SUSPENSIÓN,5,1,3,2
87,ASUNTOL JABÓN,4,11,29,1
88,ASUNTOL JABÓN,4,11,29,2
89,ATOPICA,4,1,19,1
90,ATOPICA,4,1,19,2
91,AZUL PIOTÁNICO,3,11,19,1
92,AZUL PIOTÁNICO,3,11,19,2
93,BÁLSAMO BLANCO,3,11,19,1
94,BÁLSAMO BLANCO,3,11,19,2
95,BAMITOL,4,11,29,1
96,BAMITOL,4,11,29,2
97,BAYCOX 5%,4,1,28,1
98,BAYCOX 5%,4,1,28,2
99,BAY-O-PET JABÓN ANTIPULGAS,4,11,29,1
100,BAY-O-PET JABÓN ANTIPULGAS,4,11,29,2
101,BAYTICOL,4,11,29,1
102,BAYTICOL,4,11,29,2
103,BAYTRIL FLAVOUR,4,1,2,1
104,BAYTRIL FLAVOUR,4,1,2,2
105,BEBIDA UNIVERSAL,3,1,21,1
106,BEBIDA UNIVERSAL,3,1,21,2
107,BEBIDA UNIVERSAL CONTRA LA TOS,3,1,15,1
108,BEBIDA UNIVERSAL CONTRA LA TOS,3,1,15,2
109,BENDAVAL PLUS,14,1,1,1
110,BENDAVAL PLUS,14,1,1,2
111,BENDAVAL PLUS SUSPENSIÓN,14,1,1,1
112,BENDAVAL PLUS SUSPENSIÓN,14,1,1,2
113,BENDAVAL TABLETAS,14,1,1,1
114,BENDAVAL TABLETAS,14,1,1,2
115,BENZAMIN B12,15,3,8,1
116,BENZAMIN B12,15,3,8,2
117,BIODEXAL,21,3,3,1
118,BIODEXAL,21,3,3,2
119,BLOCK IN PETS,5,1,25,1
120,BLOCK IN PETS,5,1,25,2
121,BOLFO SHAMPOO,4,11,29,1
122,BOLFO SHAMPOO,4,11,29,2
123,BOLFO TALCO,4,11,29,1
124,BOLFO TALCO,4,11,29,2
125,BOVI-LEPTO,2,4,20,1
126,BOVI-LEPTO,2,4,20,2
127,"BOVITRAZ 12,5%",4,11,29,1
128,"BOVITRAZ 12,5%",4,11,29,2
129,BRAVO,14,11,29,1
130,BRAVO,14,11,29,2
131,BRAVO JABÓN,14,11,29,1
132,BRAVO JABÓN,14,11,29,2
133,BRAVO SHAMPOO,14,11,29,1
134,BRAVO SHAMPOO,14,11,29,2
135,BRAVO SPRAY,14,11,29,1
136,BRAVO SPRAY,14,11,29,2
137,BROMEXIN,22,3,15,1
138,BROMEXIN,22,3,15,2
139,BRONQUIFUR,23,3,15,1
140,BRONQUIFUR,23,3,15,2
141,BRONYL,22,3,15,1
142,BRONYL,22,3,15,2
143,BROXACINA,4,1,2,1
144,BROXACINA,4,1,2,2
145,CALCIO VITAMINADO,3,1,8,1
146,CALCIO VITAMINADO,3,1,8,2
147,CALCIOAMINOVIT,3,1,8,1
148,CALCIOAMINOVIT,3,1,8,2
149,CALCIPROTEIN FUERTE,3,1,8,1
150,CALCIPROTEIN FUERTE,3,1,8,2
151,CALCIPROTEIN VITAMINADO,3,1,8,1
152,CALCIPROTEIN VITAMINADO,3,1,8,2
153,CALCIPROTEIN VITAMINADO Rx,3,1,8,1
154,CALCIPROTEIN VITAMINADO Rx,3,1,8,2
155,CALCISEHY,24,1,8,1
156,CALCISEHY,24,1,8,2
157,CALDEX F.M. VITAMINADO Y PROTEINIZADO,24,1,8,1
158,CALDEX F.M. VITAMINADO Y PROTEINIZADO,24,1,8,2
159,CALFODEX NEGRO,24,1,8,1
160,CALFODEX NEGRO,24,1,8,2
161,CALFÓN FUERTE,24,1,8,1
162,CALFÓN FUERTE,24,1,8,2
163,CALPHORTE,24,1,8,1
164,CALPHORTE,24,1,8,2
165,CANI-PV,25,4,20,1
166,CANI-PV,25,4,20,2
167,CANI-PV-CORONA,25,4,20,1
168,CANI-PV-CORONA,25,4,20,2
169,CANI-RAB-V.I.,25,4,20,1
170,CANI-RAB-V.I.,25,4,20,2
171,CANI-TABS BRAIN & NEURO,26,1,8,1
172,CANI-TABS BRAIN & NEURO,26,1,8,2
173,CANI-TABS CALMING + RELAX,26,1,22,1
174,CANI-TABS CALMING + RELAX,26,1,22,2
175,CANI-TABS DAILY MULTI ADULT,26,1,8,1
176,CANI-TABS DAILY MULTI ADULT,26,1,8,2
177,CANI-TABS DAILY MULTI PUPPY,26,1,8,1
178,CANI-TABS DAILY MULTI PUPPY,26,1,8,2
179,CANI-TABS DAILY MULTI SENIOR,26,1,8,1
180,CANI-TABS DAILY MULTI SENIOR,26,1,8,2
181,CANI-TABS DIGESTIVE+,26,1,14,1
182,CANI-TABS DIGESTIVE+,26,1,14,2
183,CANI-TABS HEALTHY BONES CA+P,26,1,8,1
184,CANI-TABS HEALTHY BONES CA+P,26,1,8,2
185,CANI-TABS LIVER+,26,1,8,1
186,CANI-TABS LIVER+,26,1,8,2
187,CANI-TABS OMEGA 3+EPA & DHA,26,1,8,1
188,CANI-TABS OMEGA 3+EPA & DHA,26,1,8,2
189,CANI-TABS REPRO +,26,1,8,1
190,CANI-TABS REPRO +,26,1,8,2
191,CANI-TABS SKIN + COAT,26,1,19,1
192,CANI-TABS SKIN + COAT,26,1,19,2
193,CANVITAL,27,1,8,1
194,CANVITAL,27,1,8,2
195,CARPROBAY,27,1,3,1
196,CARPROBAY,27,1,3,2
197,CARPRODYL 100,27,1,3,1
198,CARPRODYL 100,27,1,3,2
199,CARPRODYL 25,27,1,3,1
200,CARPRODYL 25,27,1,3,2
201,CATOSAL,4,3,8,1
202,CATOSAL,4,3,8,2
203,CEFALMED-10,14,1,2,1
204,CEFALMED-10,14,1,2,2
205,CEFALMED-30,14,1,2,1
206,CEFALMED-30,14,1,2,2
207,CEFALOX PETS,4,1,2,1
208,CEFALOX PETS,4,1,2,2
209,CEFTIOVET RTU,4,3,2,1
210,CEFTIOVET RTU,4,3,2,2
211,CEFURIN PET 150,4,1,2,1
212,CEFURIN PET 150,4,1,2,2
213,CEFURIN PET 300,4,1,2,1
214,CEFURIN PET 300,4,1,2,2
215,CEFURIN PET 600,4,1,2,1
216,CEFURIN PET 600,4,1,2,2
217,CEFURIN PET SUSPENSIÓN,4,1,2,1
218,CEFURIN PET SUSPENSIÓN,4,1,2,2
219,CINETIC FLEX 3% / CINETIC FLEX 6%,15,3,3,1
220,CINETIC FLEX 3% / CINETIC FLEX 6%,15,3,3,2
221,CIPIONATO SANFER,11,3,14,1
222,CIPIONATO SANFER,11,3,14,2
223,CLAVAM SUSPENSIÓN,4,1,2,1
224,CLAVAM SUSPENSIÓN,4,1,2,2
225,CLAVOXIVET,4,1,2,1
226,CLAVOXIVET,4,1,2,2
227,CLAXIN,4,1,2,1
228,CLAXIN,4,1,2,2
229,CLAXIN-10,4,1,2,1
230,CLAXIN-10,4,1,2,2
231,CLAXIN-30,4,1,2,1
232,CLAXIN-30,4,1,2,2
233,CLINDACIN 10,4,1,2,1
234,CLINDACIN 10,4,1,2,2
235,CLINDACIN 30,4,1,2,1
236,CLINDACIN 30,4,1,2,2
237,CLINDAMICINA,17,1,2,1
238,CLINDAMICINA,17,1,2,2
239,CLINDAMICINA CHEMINOVA,17,1,2,1
240,CLINDAMICINA CHEMINOVA,17,1,2,2
241,CLORHEXIN GEL,17,11,11,1
242,CLORHEXIN GEL,17,11,11,2
243,CLORHEXIN JABÓN,17,11,11,1
244,CLORHEXIN JABÓN,17,11,11,2
245,CLORHEXIN SPRAY,17,11,11,1
246,CLORHEXIN SPRAY,17,11,11,2
247,CLOSANTIL 5% SOL. INY.,18,3,1,1
248,CLOSANTIL 5% SOL. INY.,18,3,1,2
249,COCCIMED-10,4,1,1,1
250,COCCIMED-10,4,1,1,2
251,COCCIMED-5,4,1,1,1
252,COCCIMED-5,4,1,1,2
253,COCCIPLAN PE,7,1,1,1
254,COCCIPLAN PE,7,1,1,2
255,COMBATICK,4,11,29,1
256,COMBATICK,4,11,29,2
257,COMPLEJO B CON HÍGADO,3,1,8,1
258,COMPLEJO B CON HÍGADO,3,1,8,2
259,COMPLEJO B EXTRA,3,1,8,1
260,COMPLEJO B EXTRA,3,1,8,2
261,COMPLEJO B REFORZADO,3,1,8,1
262,COMPLEJO B REFORZADO,3,1,8,2
263,CRAYÓN ANDOCI,16,11,29,1
264,CRAYÓN ANDOCI,16,11,29,2
265,CREMA DON RICARDO PLUS,14,11,19,1
266,CREMA DON RICARDO PLUS,14,11,19,2
267,CRONVAL HD 1.25 / CRONVAL HD 5,15,1,12,1
268,CRONVAL HD 1.25 / CRONVAL HD 5,15,1,12,2
269,CRYPTOFIN,19,1,1,1
270,CRYPTOFIN,19,1,1,2
271,CYCLOSUPRIM,4,1,2,1
272,CYCLOSUPRIM,4,1,2,2
273,CYCLOSUPRIM OFTÁLMICO,4,12,17,1
274,CYCLOSUPRIM OFTÁLMICO,4,12,17,2
275,DAMAX INYECTABLE,11,3,3,1
276,DAMAX INYECTABLE,11,3,3,2
277,DERMISAN SHAMPOO,11,11,19,1
278,DERMISAN SHAMPOO,11,11,19,2
279,DERMISAN SPRAY,11,11,19,1
280,DERMISAN SPRAY,11,11,19,2
281,DEXA-ESTREPTOVET,14,3,2,1
282,DEXA-ESTREPTOVET,14,3,2,2
283,DEXAFIORIN,14,3,3,1
284,DEXAFIORIN,14,3,3,2
285,DEXAFLAM,14,3,3,1
286,DEXAFLAM,14,3,3,2
287,DEXAMETASONA INYECTABLE ARANDA,3,3,3,1
288,DEXAMETASONA INYECTABLE ARANDA,3,3,3,2
289,DEXAMOX L.A.,4,3,2,1
290,DEXAMOX L.A.,4,3,2,2
291,DEX-HIDRO-VIT,3,3,8,1
292,DEX-HIDRO-VIT,3,3,8,2
293,DEXTRIMAZOL,3,11,5,1
294,DEXTRIMAZOL,3,11,5,2
295,DEXVET S.B.,3,3,3,1
296,DEXVET S.B.,3,3,3,2
297,DIANABOL,3,1,21,1
298,DIANABOL,3,1,21,2
299,DIANABOL MASCOTA,3,1,21,1
300,DIANABOL MASCOTA,3,1,21,2
301,DIANABOL TABLETAS,3,1,21,1
302,DIANABOL TABLETAS,3,1,21,2
303,DIARREFIN,3,1,25,1
304,DIARREFIN,3,1,25,2
305,DICLOFEN (oftálmica),3,12,17,1
306,DICLOFEN (oftálmica),3,12,17,2
307,DICLOFEN (inyectable),3,3,3,1
308,DICLOFEN (inyectable),3,3,3,2
309,DICLOFEN TABLETAS,3,1,3,1
310,DICLOFEN TABLETAS,3,1,3,2
311,DIFENPET,3,1,3,1
312,DIFENPET,3,1,3,2
313,DIPIRONA CHEMINOVA,17,3,3,1
314,DIPIRONA CHEMINOVA,17,3,3,2
315,DIPROFENID,11,3,3,1
316,DIPROFENID,11,3,3,2
317,DIRO PETS (tabletas),4,1,1,1
318,DIRO PETS (tabletas),4,1,1,2
319,DIRO PETS (inyectable),4,3,1,1
320,DIRO PETS (inyectable),4,3,1,2
321,DIURAVET,4,3,16,1
322,DIURAVET,4,3,16,2
323,DIURÉTICO INYECTABLE CHEMINOVA,17,3,16,1
324,DIURÉTICO INYECTABLE CHEMINOVA,17,3,16,2
325,DIURIDE 500,3,1,16,1
326,DIURIDE 500,3,1,16,2
327,DIURVET,3,3,16,1
328,DIURVET,3,3,16,2
329,DOBLEVAC -PC,4,4,20,1
330,DOBLEVAC -PC,4,4,20,2
331,DOLORVET,4,1,3,1
332,DOLORVET,4,1,3,2
333,DOLO-VET OFTÁLMICO,4,12,17,1
334,DOLO-VET OFTÁLMICO,4,12,17,2
335,DOLO-VET ÓTICO,4,13,18,1
336,DOLO-VET ÓTICO,4,13,18,2
337,DOLO-VET TABLETAS,4,1,3,1
338,DOLO-VET TABLETAS,4,1,3,2
339,DOXICICLINA,17,1,2,1
340,DOXICICLINA,17,1,2,2
341,DOXIMED-10,4,1,2,1
342,DOXIMED-10,4,1,2,2
343,DOXIMED-30,4,1,2,1
344,DOXIMED-30,4,1,2,2
345,DOXMAS 100 y 200,4,1,2,1
346,DOXMAS 100 y 200,4,1,2,2
347,DRONTAL PLUS + SABOR,4,1,1,1
348,DRONTAL PLUS + SABOR,4,1,1,2
349,DRONTAL PUPPY,4,1,1,1
350,DRONTAL PUPPY,4,1,1,2
351,DURALÁGRIMA,4,12,17,1
352,DURALÁGRIMA,4,12,17,2
353,DYSCURAL,4,3,16,1
354,DYSCURAL,4,3,16,2
355,DYSCURAL PVE,4,3,16,1
356,DYSCURAL PVE,4,3,16,2
357,DYSCURAL VET,4,3,16,1
358,DYSCURAL VET,4,3,16,2
359,ECTOSOL JABÓN,4,11,29,1
360,ECTOSOL JABÓN,4,11,29,2
361,ECTOSOL SHAMPOO,18,11,29,1
362,ECTOSOL SHAMPOO,18,11,29,2
363,EDEMOFIN,11,3,3,1
364,EDEMOFIN,11,3,3,2
365,ELECTRÓLITOS,3,1,27,1
366,ELECTRÓLITOS,3,1,27,2
367,ELECTROPET,22,1,27,1
368,ELECTROPET,22,1,27,2
369,EMETIN INYECTABLE,14,3,1,1
370,EMETIN INYECTABLE,14,3,1,2
371,EMETIN ORAL,3,1,1,1
372,EMETIN ORAL,3,1,1,2
373,EMETRON,6,1,24,1
374,EMETRON,6,1,24,2
375,ENDOVET -CES INYECTABLE,15,3,1,1
376,ENDOVET -CES INYECTABLE,15,3,1,2
377,ENDOVET -CES TABLETAS,15,1,1,1
378,ENDOVET -CES TABLETAS,15,1,1,2
379,ENDOVET CREMA,15,11,19,1
380,ENDOVET CREMA,15,11,19,2
381,ENDOVET TABLETAS,15,1,1,1
382,ENDOVET TABLETAS,15,1,1,2
383,ENROCILINA,4,3,2,1
384,ENROCILINA,4,3,2,2
385,ENROFLOX 20 L.A.,4,3,2,1
386,ENROFLOX 20 L.A.,4,3,2,2
387,ENROFLOX M L.A.,4,3,2,1
388,ENROFLOX M L.A.,4,3,2,2
389,ENROFLOXACINA 10% SANFER,11,3,2,1
390,ENROFLOXACINA 10% SANFER,11,3,2,2
391,ENROFLOXACINO 10% CHEMINOVA,17,3,2,1
392,ENROFLOXACINO 10% CHEMINOVA,17,3,2,2
393,ENROL 150,11,1,2,1
394,ENROL 150,11,1,2,2
395,ENROL CON DIPIRONA,11,3,3,1
396,ENROL CON DIPIRONA,11,3,3,2
397,ENROL TABLETAS,11,1,2,1
398,ENROL TABLETAS,11,1,2,2
399,ENROL TABLETAS CON DIPIRONA,11,1,3,1
400,ENROL TABLETAS CON DIPIRONA,11,1,3,2
401,ENROQUE,4,1,2,1
402,ENROQUE,4,1,2,2
403,ENROQUE AVES,4,1,2,1
404,ENROQUE AVES,4,1,2,2
405,ENROXAL 150 SUSPENSIÓN,4,1,2,1
406,ENROXAL 150 SUSPENSIÓN,4,1,2,2
407,ENROXAL 50 SUSPENSIÓN,4,1,2,1
408,ENROXAL 50 SUSPENSIÓN,4,1,2,2
409,ENROXIL,4,1,2,1
410,ENROXIL,4,1,2,2
411,ENROXOL,4,1,2,1
412,ENROXOL,4,1,2,2
413,ENROXTAL,4,1,2,1
414,ENROXTAL,4,1,2,2
415,ENTEREX,3,1,14,1
416,ENTEREX,3,1,14,2
417,EPIC SHAMPOO,11,11,19,1
418,EPIC SHAMPOO,11,11,19,2
419,EPILEPXIS,3,1,23,1
420,EPILEPXIS,3,1,23,2
421,ESCUDERM,11,11,19,1
422,ESCUDERM,11,11,19,2
423,ESPASMOSEDAL,3,3,14,1
424,ESPASMOSEDAL,3,3,14,2
425,ESPENFORT,3,3,8,1
426,ESPENFORT,3,3,8,2
427,ESTREPTOGANABENCIL,4,3,2,1
428,ESTREPTOGANABENCIL,4,3,2,2
429,ETI PETS,4,1,8,1
430,ETI PETS,4,1,8,2
431,EUGASTRIL,3,1,14,1
432,EUGASTRIL,3,1,14,2
433,EURICAN PNEUMO,4,4,20,1
434,EURICAN PNEUMO,4,4,20,2
435,EUYACOL FORTE,3,1,15,1
436,EUYACOL FORTE,3,1,15,2
437,EXPECTORANTE BRONCODILATADOR,3,1,15,1
438,EXPECTORANTE BRONCODILATADOR,3,1,15,2
439,FENIBAC,4,1,2,1
440,FENIBAC,4,1,2,2
441,FETOL,3,3,13,1
442,FETOL,3,3,13,2
443,FETOL PLUS,3,3,13,1
444,FETOL PLUS,3,3,13,2
445,FH-10 FACTOR HEPÁTICO 10,3,3,8,1
446,FH-10 FACTOR HEPÁTICO 10,3,3,8,2
447,FIBROCINE,3,3,3,1
448,FIBROCINE,3,3,3,2
449,FIORALGESÍN,23,1,3,1
450,FIORALGESÍN,23,1,3,2
451,FIORI ESTREPTOENZIM,23,3,2,1
452,FIORI ESTREPTOENZIM,23,3,2,2
453,FIOTRYL,23,3,2,1
454,FIOTRYL,23,3,2,2
455,FIOTRYL,23,3,2,1
456,FIOTRYL,23,3,2,2
457,FIPROMED,13,11,29,1
458,FIPROMED,13,11,29,2
459,FIPROMED FORTE,13,11,29,1
460,FIPROMED FORTE,13,11,29,2
461,FIPROMED SPRAY,13,11,29,1
462,FIPROMED SPRAY,13,11,29,2
463,FIPRONEX G5 DROP ON,4,11,29,1
464,FIPRONEX G5 DROP ON,4,11,29,2
465,FIPRONEX G5 SPRAY,4,11,29,1
466,FIPRONEX G5 SPRAY,4,11,29,2
467,FIPROTECT,4,11,29,1
468,FIPROTECT,4,11,29,2
469,FLORFENICOL 30,3,3,2,1
470,FLORFENICOL 30,3,3,2,2
471,FLOXAPANA,11,3,2,1
472,FLOXAPANA,11,3,2,2
473,FLOXAPANA 10%,11,3,2,1
474,FLOXAPANA 10%,11,3,2,2
475,FLUBIOPEN,11,3,2,1
476,FLUBIOPEN,11,3,2,2
477,FLUMEXIN VET,4,3,3,1
478,FLUMEXIN VET,4,3,3,2
479,FLUNIDOL,4,3,3,1
480,FLUNIDOL,4,3,3,2
481,FLUNIXIN SANFER,11,3,3,1
482,FLUNIXIN SANFER,11,3,3,2
483,FLUVIOTIC,4,3,2,1
484,FLUVIOTIC,4,3,2,2
485,FLUXYMEG PANAVET,9,3,3,1
486,FLUXYMEG PANAVET,9,3,3,2
487,FORENZIM,9,3,3,1
488,FORENZIM,9,3,3,2
489,FORESTRO,4,11,29,1
490,FORESTRO,4,11,29,2
491,"FORMIZINA 5,000,000 U.I.",11,3,2,1
492,"FORMIZINA 5,000,000 U.I.",11,3,2,2
493,FORTABOL,3,1,8,1
494,FORTABOL,3,1,8,2
495,FORTE JABÓN,3,11,19,1
496,FORTE JABÓN,3,11,19,2
497,FORTE SPRAY,3,11,19,1
498,FORTE SPRAY,3,11,19,2
499,FOSFONOVA + B12,11,3,8,1
500,FOSFONOVA + B12,11,3,8,2
501,FOSFOVIT B12,11,3,8,1
502,FOSFOVIT B12,11,3,8,2
503,FRONTLINE PLUS,4,11,29,1
504,FRONTLINE PLUS,4,11,29,2
505,FRONTLINE TOP SPOT,4,11,29,1
506,FRONTLINE TOP SPOT,4,11,29,2
507,FULLTRUST ADULTO,3,1,8,1
508,FULLTRUST ADULTO,3,1,8,2
509,FULLTRUST ADULTO ATÚN Y CÍTRICOS,3,1,8,1
510,FULLTRUST ADULTO ATÚN Y CÍTRICOS,3,1,8,2
511,"FULLTRUST ADULTO CORDERO, AVENA Y ARROZ",3,1,8,1
512,"FULLTRUST ADULTO CORDERO, AVENA Y ARROZ",3,1,8,2
513,FULLTRUST ADULTO HÍGADO Y CHÍCHAROS,3,1,8,1
514,FULLTRUST ADULTO HÍGADO Y CHÍCHAROS,3,1,8,2
515,FULLTRUST ADULTO PATO Y PIÑA,3,1,8,1
516,FULLTRUST ADULTO PATO Y PIÑA,3,1,8,2
517,FULLTRUST ADULTO PAVO Y ARÁNDANOS,3,1,8,1
518,FULLTRUST ADULTO PAVO Y ARÁNDANOS,3,1,8,2
519,FULLTRUST ADULTO RAZAS PEQUEÑAS,3,1,8,1
520,FULLTRUST ADULTO RAZAS PEQUEÑAS,3,1,8,2
521,FULLTRUST ADULTO SALMÓN Y TOMILLO,3,1,8,1
522,FULLTRUST ADULTO SALMÓN Y TOMILLO,3,1,8,2
523,FULLTRUST CACHORRO,3,1,8,1
524,FULLTRUST CACHORRO,3,1,8,2
525,FULLTRUST CACHORRO RAZAS PEQUEÑAS,3,1,8,1
526,FULLTRUST CACHORRO RAZAS PEQUEÑAS,3,1,8,2
527,FULLTRUST PESO IDEAL,3,1,8,1
528,FULLTRUST PESO IDEAL,3,1,8,2
529,FULLTRUST SENIOR,3,1,8,1
530,FULLTRUST SENIOR,3,1,8,2
531,FUNGUS-K CHEMINOVA,17,11,5,1
532,FUNGUS-K CHEMINOVA,17,11,5,2
533,GASTRO BALANCE CHEMINOVA,17,3,14,1
534,GASTRO BALANCE CHEMINOVA,17,3,14,2
535,GASTROPET,3,1,14,1
536,GASTROPET,3,1,14,2
537,GENOVIT 6500,3,3,8,1
538,GENOVIT 6500,3,3,8,2
539,GENTACYN 150,4,3,2,1
540,GENTACYN 150,4,3,2,2
541,GENTALEN 100,4,3,2,1
542,GENTALEN 100,4,3,2,2
543,GENTAM-F,4,11,5,1
544,GENTAM-F,4,11,5,2
545,GENTAVET 50,4,3,2,1
546,GENTAVET 50,4,3,2,2
547,GENTEX,4,3,2,1
548,GENTEX,4,3,2,2
549,GENTOFTAL- OFTÁLMICO,4,12,17,1
550,GENTOFTAL- OFTÁLMICO,4,12,17,2
551,GLUTAMINA,3,1,8,1
552,GLUTAMINA,3,1,8,2
553,GLUTICORT T,3,3,3,1
554,GLUTICORT T,3,3,3,2
555,GLUTICORT VET,3,3,3,1
556,GLUTICORT VET,3,3,3,2
557,"GONAFORTE 2,500 U.I.",3,3,13,1
558,"GONAFORTE 2,500 U.I.",3,3,13,2
559,GOTIKALL,13,12,17,1
560,GOTIKALL,13,12,17,2
561,GOTIKAS,13,12,17,1
562,GOTIKAS,13,12,17,2
563,GRAMICIDIN,11,12,17,1
564,GRAMICIDIN,11,12,17,2
565,GRINOLON,3,3,2,1
566,GRINOLON,3,3,2,2
567,GRINOLON,3,3,2,1
568,GRINOLON,3,3,2,2
569,HALFIN,14,1,3,1
570,HALFIN,14,1,3,2
571,HEARTGARD PLUS,4,1,1,1
572,HEARTGARD PLUS,4,1,1,2
573,HEMATOFOS B12,3,3,8,1
574,HEMATOFOS B12,3,3,8,2
575,HEMOPLEX,3,3,8,1
576,HEMOPLEX,3,3,8,2
577,HEMOSTOP K,3,3,26,1
578,HEMOSTOP K,3,3,26,2
579,HEMOSYLAT,3,3,26,1
580,HEMOSYLAT,3,3,26,2
581,HEPATO-JECT,3,3,30,1
582,HEPATO-JECT,3,3,30,2
583,HEPATOPETS,3,1,30,1
584,HEPATOPETS,3,1,30,2
585,HEPAVIT,3,1,30,1
586,HEPAVIT,3,1,30,2
587,HERISAN,3,3,2,1
588,HERISAN,3,3,2,2
589,HIDRA-PETS,3,1,27,1
590,HIDRA-PETS,3,1,27,2
591,HIPOXITOCINA,3,3,13,1
592,HIPOXITOCINA,3,3,13,2
593,HISTAFIN,3,3,9,1
594,HISTAFIN,3,3,9,2
595,HYDRA PETS,3,1,27,1
596,HYDRA PETS,3,1,27,2
597,IDÓL,4,1,2,1
598,IDÓL,4,1,2,2
599,ILCOCÍN L.A.,4,3,2,1
600,ILCOCÍN L.A.,4,3,2,2
601,ILCOCÍN-R,4,3,2,1
602,ILCOCÍN-R,4,3,2,2
603,IMIDOCARB SANFER,11,3,1,1
604,IMIDOCARB SANFER,11,3,1,2
605,IMIDOFIN INYECTABLE,11,3,1,1
606,IMIDOFIN INYECTABLE,11,3,1,2
607,IMIDOFIN TABLETAS,11,1,1,1
608,IMIDOFIN TABLETAS,11,1,1,2
609,IMIDOX 120,11,3,1,1
610,IMIDOX 120,11,3,1,2
611,IMIDOZOL,11,3,1,1
612,IMIDOZOL,11,3,1,2
613,IMMITICIDE,27,3,1,1
614,IMMITICIDE,27,3,1,2
615,IMRAB 3 TF,4,4,20,1
616,IMRAB 3 TF,4,4,20,2
617,INMUC-PARVO,4,4,20,1
618,INMUC-PARVO,4,4,20,2
619,INMUC-RAB,4,4,20,1
620,INMUC-RAB,4,4,20,2
621,ITRASEK,4,1,5,1
622,ITRASEK,4,1,5,2
623,IVERFULL TABS FOR PETS (10kg),4,1,1,1
624,IVERFULL TABS FOR PETS (10kg),4,1,1,2
625,JABÓN ANTIPULGAS,4,11,29,1
626,JABÓN ANTIPULGAS,4,11,29,2
627,JABÓN RIN TIN TIN,4,11,29,1
628,JABÓN RIN TIN TIN,4,11,29,2
629,JABÓN SCABISIN,4,11,29,1
630,JABÓN SCABISIN,4,11,29,2
631,KAOFIORÍN,3,3,14,1
632,KAOFIORÍN,3,3,14,2
633,KAOPHORTE,3,3,14,1
634,KAOPHORTE,3,3,14,2
635,KEOSUL,3,3,14,1
636,KEOSUL,3,3,14,2
637,KETODERM SPRAY,4,11,19,1
638,KETODERM SPRAY,4,11,19,2
639,KILTIX,4,11,29,1
640,KILTIX,4,11,29,2
641,KINODYL SE,3,1,8,1
642,KINODYL SE,3,1,8,2
643,KOAGUSAN,3,3,26,1
644,KOAGUSAN,3,3,26,2
645,KOAGUSAN,3,3,26,1
646,KOAGUSAN,3,3,26,2
647,KOPTIN S,3,3,2,1
648,KOPTIN S,3,3,2,2
649,KORTEBA,3,3,3,1
650,KORTEBA,3,3,3,2
651,LACTOCIN 20,3,3,14,1
652,LACTOCIN 20,3,3,14,2
653,LASARNOL,3,3,1,1
654,LASARNOL,3,3,1,2
655,LEGEND,3,3,20,1
656,LEGEND,3,3,20,2
657,LEIDOFS,3,3,2,1
658,LEIDOFS,3,3,2,2
659,LEIDOFS SOLUCIÓN,3,11,2,1
660,LEIDOFS SOLUCIÓN,3,11,2,2
661,LEVAGUARD,3,3,20,1
662,LEVAGUARD,3,3,20,2
663,LEVIVET,3,3,1,1
664,LEVIVET,3,3,1,2
665,LEVIVET ORAL,3,1,1,1
666,LEVIVET ORAL,3,1,1,2
667,LEVIVET-10,3,1,1,1
668,LEVIVET-10,3,1,1,2
669,LEVIVET-30,3,1,1,1
670,LEVIVET-30,3,1,1,2
671,LIMPER SHAMPOO,4,11,29,1
672,LIMPER SHAMPOO,4,11,29,2
673,LINCOMICINA + ESPECTINOMICINA,4,3,2,1
674,LINCOMICINA + ESPECTINOMICINA,4,3,2,2
675,LOCIÓN ANTIVERRUGAS,3,11,19,1
676,LOCIÓN ANTIVERRUGAS,3,11,19,2
677,LODYVET,3,3,2,1
678,LODYVET,3,3,2,2
679,LOMBRIN,4,1,1,1
680,LOMBRIN,4,1,1,2
681,LOPATOL,4,1,1,1
682,LOPATOL,4,1,1,2
683,LOPATOL POUR-ON,4,11,29,1
684,LOPATOL POUR-ON,4,11,29,2
685,LOPATOL TALISMÁN,4,11,29,1
686,LOPATOL TALISMÁN,4,11,29,2
687,LUXEN,4,1,2,1
688,LUXEN,4,1,2,2
689,MELODEX,4,3,3,1
690,MELODEX,4,3,3,2
691,MELODEX PETS 0.5%,4,3,3,1
692,MELODEX PETS 0.5%,4,3,3,2
693,MELOXICAM,4,3,3,1
694,MELOXICAM,4,3,3,2
695,MELOXIPAR 5 mg,4,1,3,1
696,MELOXIPAR 5 mg,4,1,3,2
697,MEPRAZOLIC,4,3,14,1
698,MEPRAZOLIC,4,3,14,2
699,METACAM 0.5%,4,3,3,1
700,METACAM 0.5%,4,3,3,2
701,METACAM SUSPENSIÓN ORAL,4,1,3,1
702,METACAM SUSPENSIÓN ORAL,4,1,3,2
703,METRONID,4,1,2,1
704,METRONID,4,1,2,2
705,METRONID IV,4,3,2,1
706,METRONID IV,4,3,2,2
707,METROXAL SUSPENSIÓN XL,4,1,2,1
708,METROXAL SUSPENSIÓN XL,4,1,2,2
709,MICOFIN 1%,17,11,5,1
710,MICOFIN 1%,17,11,5,2
711,MICOFIN TABLETAS,17,1,5,1
712,MICOFIN TABLETAS,17,1,5,2
713,MIDOXAL,4,1,2,1
714,MIDOXAL,4,1,2,2
715,MIDOXAL SUSPENSIÓN,4,1,2,1
716,MIDOXAL SUSPENSIÓN,4,1,2,2
717,MIRA ADULTOS,3,1,8,1
718,MIRA ADULTOS,3,1,8,2
719,MIRA CACHORROS,3,1,8,1
720,MIRA CACHORROS,3,1,8,2
721,MODIVITASAN,3,3,8,1
722,MODIVITASAN,3,3,8,2
723,MORDIX,3,3,3,1
724,MORDIX,3,3,3,2
725,MUCODILAT,3,3,15,1
726,MUCODILAT,3,3,15,2
727,MULTIVIT-B,3,3,8,1
728,MULTIVIT-B,3,3,8,2
729,MYCOGAL INYECTABLE,17,3,5,1
730,MYCOGAL INYECTABLE,17,3,5,2
731,NECAIN (oftálmica),17,12,17,1
732,NECAIN (oftálmica),17,12,17,2
733,NECAIN (ótica),17,13,18,1
734,NECAIN (ótica),17,13,18,2
735,NEGASUNT AEROSOL,4,11,19,1
736,NEGASUNT AEROSOL,4,11,19,2
737,NEGASUNT POLVO,4,11,19,1
738,NEGASUNT POLVO,4,11,19,2
739,NEOSIN-T,4,3,2,1
740,NEOSIN-T,4,3,2,2
741,NEPTRA,4,13,18,1
742,NEPTRA,4,13,18,2
743,NEUMOXOL,4,3,2,1
744,NEUMOXOL,4,3,2,2
745,NEUTRAC INYECTABLE,3,3,27,1
746,NEUTRAC INYECTABLE,3,3,27,2
747,NEUTRAC ORAL,3,1,27,1
748,NEUTRAC ORAL,3,1,27,2
749,NEUTRAC TABLETAS,3,1,27,1
750,NEUTRAC TABLETAS,3,1,27,2
751,NEXGARD,4,1,29,1
752,NEXGARD,4,1,29,2
753,NEXGARD SPECTRA,4,1,29,1
754,NEXGARD SPECTRA,4,1,29,2
755,NOWORM,4,1,1,1
756,NOWORM,4,1,1,2
757,NUTRIVIT GEL,3,1,8,1
758,NUTRIVIT GEL,3,1,8,2
759,NUTROMIX SKIN + COAT,3,1,19,1
760,NUTROMIX SKIN + COAT,3,1,19,2
761,OBRYVET,11,3,3,1
762,OBRYVET,11,3,3,2
763,OCUSOL POLVO,3,12,17,1
764,OCUSOL POLVO,3,12,17,2
765,OFTALUB,3,12,17,1
766,OFTALUB,3,12,17,2
767,OFTOCIP,4,12,17,1
768,OFTOCIP,4,12,17,2
769,OFTOFLOX,4,12,17,1
770,OFTOFLOX,4,12,17,2
771,OLEOVET,3,11,19,1
772,OLEOVET,3,11,19,2
773,OMEPRA,3,1,14,1
774,OMEPRA,3,1,14,2
775,ONSEC TABLETAS,3,1,3,1
776,ONSEC TABLETAS,3,1,3,2
777,ONSIOR,4,1,3,1
778,ONSIOR,4,1,3,2
779,OPTHAVET,4,12,17,1
780,OPTHAVET,4,12,17,2
781,OPTIGEN,3,3,8,1
782,OPTIGEN,3,3,8,2
783,OTIDERMA-CEF,4,13,18,1
784,OTIDERMA-CEF,4,13,18,2
785,OTISAN,4,13,18,1
786,OTISAN,4,13,18,2
787,OXANTEL 6,4,1,1,1
788,OXANTEL 6,4,1,1,2
789,OXIMA,4,1,1,1
790,OXIMA,4,1,1,2
791,OXITOCÍN,3,3,13,1
792,OXITOCÍN,3,3,13,2
793,OXITOCINA INYECTABLE CHEMINOVA,17,3,13,1
794,OXITOCINA INYECTABLE CHEMINOVA,17,3,13,2
795,PARAFEN SUSPENSIÓN AL 3%,3,1,3,1
796,PARAFEN SUSPENSIÓN AL 3%,3,1,3,2
797,PARAFEN TABS,3,1,3,1
798,PARAFEN TABS,3,1,3,2
799,PARASTIN BIG DOG,4,1,1,1
800,PARASTIN BIG DOG,4,1,1,2
801,PARASTIN DOG,4,1,1,1
802,PARASTIN DOG,4,1,1,2
803,PARASTIN DOGGY,4,1,1,1
804,PARASTIN DOGGY,4,1,1,2
805,PARASTIN PUPPY,4,1,1,1
806,PARASTIN PUPPY,4,1,1,2
807,PARFOSAL,3,3,14,1
808,PARFOSAL,3,3,14,2
809,PAROL,3,1,3,1
810,PAROL,3,1,3,2
811,PAROL T PLUS,3,1,3,1
812,PAROL T PLUS,3,1,3,2
813,PARTARGET,3,3,14,1
814,PARTARGET,3,3,14,2
815,PELO BRILLANTE,3,1,19,1
816,PELO BRILLANTE,3,1,19,2
817,PEN DUO STREP 250/201,4,3,2,1
818,PEN DUO STREP 250/201,4,3,2,2
819,PENICILINA ACUOSA,4,3,2,1
820,PENICILINA ACUOSA,4,3,2,2
821,PENIMOX L.A.,4,3,2,1
822,PENIMOX L.A.,4,3,2,2
823,PERVINAL JARABE,3,1,15,1
824,PERVINAL JARABE,3,1,15,2
825,PETONIC RECUPERATION,3,1,8,1
826,PETONIC RECUPERATION,3,1,8,2
827,PIRODEX GEL,3,11,19,1
828,PIRODEX GEL,3,11,19,2
829,PIROXICAM-81,3,1,3,1
830,PIROXICAM-81,3,1,3,2
831,PISAN N.F.,3,3,2,1
832,PISAN N.F.,3,3,2,2
833,PLASMOGAN RTU,4,3,2,1
834,PLASMOGAN RTU,4,3,2,2
835,POLIVIT B12 + ADE,3,3,8,1
836,POLIVIT B12 + ADE,3,3,8,2
837,POMADA VERDE,3,11,19,1
838,POMADA VERDE,3,11,19,2
839,POMADA YODADA,3,11,19,1
840,POMADA YODADA,3,11,19,2
841,POMADA YODADA,3,11,19,1
842,POMADA YODADA,3,11,19,2
843,POMADA YODADA,3,11,19,1
844,POMADA YODADA,3,11,19,2
845,POMADA YODOFORMADA,3,11,19,1
846,POMADA YODOFORMADA,3,11,19,2
847,POXINA FORTE,4,13,18,1
848,POXINA FORTE,4,13,18,2
849,PRADOL SUSPENSIÓN,3,1,3,1
850,PRADOL SUSPENSIÓN,3,1,3,2
851,PREDOFTAL,4,12,17,1
852,PREDOFTAL,4,12,17,2
853,PREGABALYN-11,3,1,23,1
854,PREGABALYN-11,3,1,23,2
855,PREGABALYN-31,3,1,23,1
856,PREGABALYN-31,3,1,23,2
857,PREGABALYN-6,3,1,23,1
858,PREGABALYN-6,3,1,23,2
859,PREVICOX,4,1,3,1
860,PREVICOX,4,1,3,2
861,PRIMACORT,3,3,3,1
862,PRIMACORT,3,3,3,2
863,PRIMAPEN,4,3,2,1
864,PRIMAPEN,4,3,2,2
865,PRINCIPIO OXITÓCICO,3,3,13,1
866,PRINCIPIO OXITÓCICO,3,3,13,2
867,PROCAVETS 300 LA,3,3,2,1
868,PROCAVETS 300 LA,3,3,2,2
869,PROGESTERONA,3,3,13,1
870,PROGESTERONA,3,3,13,2
871,PROGESTERONA INYECTABLE CHEMINOVA,17,3,13,1
872,PROGESTERONA INYECTABLE CHEMINOVA,17,3,13,2
873,PROLONG-CEF,4,3,2,1
874,PROLONG-CEF,4,3,2,2
875,PROMOFER,3,3,8,1
876,PROMOFER,3,3,8,2
877,PRONTAFORMO BOLOS ORALES,3,1,1,1
878,PRONTAFORMO BOLOS ORALES,3,1,1,2
879,PRONTAFORMO UTERINO,3,3,1,1
880,PRONTAFORMO UTERINO,3,3,1,2
881,PUPPYPARVO-DHP,4,4,20,1
882,PUPPYPARVO-DHP,4,4,20,2
883,RAN-TAC,3,1,14,1
884,RAN-TAC,3,1,14,2
885,RECOMBITEK C4,4,4,20,1
886,RECOMBITEK C4,4,4,20,2
887,RECOMBITEK C5,4,4,20,1
888,RECOMBITEK C5,4,4,20,2
889,RECOMBITEK C4/CV,4,4,20,1
890,RECOMBITEK C4/CV,4,4,20,2
891,RECOMBITEK C7,4,4,20,1
892,RECOMBITEK C7,4,4,20,2
893,RECOMBITEK C6/CV,4,4,20,1
894,RECOMBITEK C6/CV,4,4,20,2
895,RECOMBITEK C8,4,4,20,1
896,RECOMBITEK C8,4,4,20,2
897,RECOMBITEK C9,4,4,20,1
898,RECOMBITEK C9,4,4,20,2
899,RECOMBITEK ORAL BORDETELLA,4,4,20,1
900,RECOMBITEK ORAL BORDETELLA,4,4,20,2
901,RESPAIRE TABLETAS,3,1,15,1
902,RESPAIRE TABLETAS,3,1,15,2
903,RESPAIRE TABLETAS,3,1,15,1
904,RESPAIRE TABLETAS,3,1,15,2
905,RESPIPET,3,3,15,1
906,RESPIPET,3,3,15,2
907,RESPIREN,3,3,15,1
908,RESPIREN,3,3,15,2
909,RESPIVET,3,3,15,1
910,RESPIVET,3,3,15,2
911,RESULVET TABLETAS,3,1,15,1
912,RESULVET TABLETAS,3,1,15,2
913,REUGOL,3,3,13,1
914,REUGOL,3,3,13,2
915,REUGOL,3,3,13,1
916,REUGOL,3,3,13,2
917,REVETCICLINA F,3,3,2,1
918,REVETCICLINA F,3,3,2,2
919,RIN TIN TIN BAÑO EN SECO,4,11,19,1
920,RIN TIN TIN BAÑO EN SECO,4,11,19,2
921,RIN TIN TIN JABÓN INSECTICIDA,4,11,29,1
922,RIN TIN TIN JABÓN INSECTICIDA,4,11,29,2
923,RIN TIN TIN SHAMPOO,4,11,29,1
924,RIN TIN TIN SHAMPOO,4,11,29,2
925,ROMPUN,4,3,10,1
926,ROMPUN,4,3,10,2
927,RUILAND VETRI OMEGA,3,3,8,1
928,RUILAND VETRI OMEGA,3,3,8,2
929,RUILAND VETRI-GERIAPET,3,3,8,1
930,RUILAND VETRI-GERIAPET,3,3,8,2
931,RUILAND-VETRI ARTROFLEX,3,3,8,1
932,RUILAND-VETRI ARTROFLEX,3,3,8,2
933,RUILAND-VETRI CAp,3,3,8,1
934,RUILAND-VETRI CAp,3,3,8,2
935,RUILAND-VETRI COFACTOR,3,3,8,1
936,RUILAND-VETRI COFACTOR,3,3,8,2
937,SANA SANA GEL,3,11,19,1
938,SANA SANA GEL,3,11,19,2
939,SANITOR FORTE,3,1,2,1
940,SANITOR FORTE,3,1,2,2
941,SANITOR FORTE,3,1,2,1
942,SANITOR FORTE,3,1,2,2
943,SCABISIN,4,11,29,1
944,SCABISIN,4,11,29,2
945,SCABISIN CALM,4,11,29,1
946,SCABISIN CALM,4,11,29,2
947,SCABISIN CLEAR,4,11,29,1
948,SCABISIN CLEAR,4,11,29,2
949,SCABISIN FRESH,4,11,29,1
950,SCABISIN FRESH,4,11,29,2
951,SCABISIN FUNGI,4,11,29,1
952,SCABISIN FUNGI,4,11,29,2
953,SCABISIN NEUTRO JABÓN,4,11,29,1
954,SCABISIN NEUTRO JABÓN,4,11,29,2
955,SCABISIN SHAMPOO,4,11,29,1
956,SCABISIN SHAMPOO,4,11,29,2
957,SCABISIN SPOT ON,4,11,29,1
958,SCABISIN SPOT ON,4,11,29,2
959,SEDALGESIC,3,3,3,1
960,SEDALGESIC,3,3,3,2
961,SEDALPHORTE,3,3,3,1
962,SEDALPHORTE,3,3,3,2
963,SEDOZOO HERBAL JOJOBA,3,11,19,1
964,SEDOZOO HERBAL JOJOBA,3,11,19,2
965,SEDOZOO HERBAL MANZANILLA,3,11,19,1
966,SEDOZOO HERBAL MANZANILLA,3,11,19,2
967,SEDOZOO HERBAL ROMERO,3,11,19,1
968,SEDOZOO HERBAL ROMERO,3,11,19,2
969,SEDOZOO SHAMPOO,3,11,19,1
970,SEDOZOO SHAMPOO,3,11,19,2
971,SEDOZOO SHAMPOO,3,11,19,1
972,SEDOZOO SHAMPOO,3,11,19,2
973,SEHYTIOFUR,24,3,2,1
974,SEHYTIOFUR,24,3,2,2
975,SENCOX 2.5%,1,3,1,1
976,SENCOX 2.5%,1,3,1,2
977,SENCOX 5%,1,3,1,1
978,SENCOX 5%,1,3,1,2
979,SENSIBLEX,3,1,15,1
980,SENSIBLEX,3,1,15,2
981,SENTOPRIM-S,3,3,2,1
982,SENTOPRIM-S,3,3,2,2
983,SERESTO,4,11,29,1
984,SERESTO,4,11,29,2
985,SEVERIN NFS,3,3,2,1
986,SEVERIN NFS,3,3,2,2
987,SEVERIN NFT,3,3,2,1
988,SEVERIN NFT,3,3,2,2
989,SHAMPOO ANTIPULGAS,4,11,29,1
990,SHAMPOO ANTIPULGAS,4,11,29,2
991,SHAMPOO ANTIPULGAS,4,11,29,1
992,SHAMPOO ANTIPULGAS,4,11,29,2
993,SHAMPOO DE ZÁBILA PARA CABALLO,3,11,19,1
994,SHAMPOO DE ZÁBILA PARA CABALLO,3,11,19,2
995,SHAMPOO DE ZÁBILA PARA CABALLO,3,11,19,1
996,SHAMPOO DE ZÁBILA PARA CABALLO,3,11,19,2
997,SHAMPOO EN SECO,3,11,19,1
998,SHAMPOO EN SECO,3,11,19,2
999,SHAMPOO URUS,3,11,19,1
1000,SHAMPOO URUS,3,11,19,2
1001,SHAMPOOS POCKET,3,11,19,1
1002,SHAMPOOS POCKET,3,11,19,2
1003,SILDAN HP,3,3,12,1
1004,SILDAN HP,3,3,12,2
1005,SILDAN HP,3,3,12,1
1006,SILDAN HP,3,3,12,2
1007,SULFABAC,3,3,2,1
1008,SULFABAC,3,3,2,2
1009,SULFAPRIM,3,3,2,1
1010,SULFAPRIM,3,3,2,2
1011,SULFATRIM,3,3,2,1
1012,SULFATRIM,3,3,2,2
1013,SULFAXAL,3,3,2,1
1014,SULFAXAL,3,3,2,2
1015,SyBAVIT,3,3,8,1
1016,SyBAVIT,3,3,8,2
1017,SYNALAR NEO,3,11,5,1
1018,SYNALAR NEO,3,11,5,2
1019,TALCO ANTIPULGAS,4,11,29,1
1020,TALCO ANTIPULGAS,4,11,29,2
1021,TEAR FUNCTION CHEMINOVA,17,12,17,1
1022,TEAR FUNCTION CHEMINOVA,17,12,17,2
1023,TERZOO JABÓN,3,11,19,1
1024,TERZOO JABÓN,3,11,19,2
1025,TERZOO SHAMPOO,3,11,19,1
1026,TERZOO SHAMPOO,3,11,19,2
1027,TETRACEF,3,3,2,1
1028,TETRACEF,3,3,2,2
1029,TOLTRASEHY,24,3,1,1
1030,TOLTRASEHY,24,3,1,2
1031,TOMO,3,1,14,1
1032,TOMO,3,1,14,2
1033,TOMO MASCOTAS,3,1,14,1
1034,TOMO MASCOTAS,3,1,14,2
1035,TOPIVET,3,11,19,1
1036,TOPIVET,3,11,19,2
1037,TOXISORB CLASSIC,3,3,14,1
1038,TOXISORB CLASSIC,3,3,14,2
1039,TOXISORB PLUS,3,3,14,1
1040,TOXISORB PLUS,3,3,14,2
1041,TOXISORB PREMIUM,3,3,14,1
1042,TOXISORB PREMIUM,3,3,14,2
1043,TRAFULL,3,1,3,1
1044,TRAFULL,3,1,3,2
1045,TRIOXIL,4,11,29,1
1046,TRIOXIL,4,11,29,2
1047,TRIOXIL,4,11,29,1
1048,TRIOXIL,4,11,29,2
1049,TROPIGENOL,3,3,8,1
1050,TROPIGENOL,3,3,8,2
1051,TROPIGENOL,3,3,8,1
1052,TROPIGENOL,3,3,8,2
1053,UBRICINA,3,3,2,1
1054,UBRICINA,3,3,2,2
1055,UBRICINA,3,3,2,1
1056,UBRICINA,3,3,2,2
1057,UNGÜENTO AMARILLO,3,11,19,1
1058,UNGÜENTO AMARILLO,3,11,19,2
1059,UNGÜENTO VETERINARIO DE LA TÍA,3,11,19,1
1060,UNGÜENTO VETERINARIO DE LA TÍA,3,11,19,2
1061,uniRapix,3,1,1,1
1062,uniRapix,3,1,1,2
1063,UROSEMID,3,3,16,1
1064,UROSEMID,3,3,16,2
1065,VACUFIVE 5V,4,4,20,1
1066,VACUFIVE 5V,4,4,20,2
1067,VACUGEN 6L,4,4,20,1
1068,VACUGEN 6L,4,4,20,2
1069,VAREC POMADA,3,11,19,1
1070,VAREC POMADA,3,11,19,2
1071,VEMINTHOL,3,1,1,1
1072,VEMINTHOL,3,1,1,2
1073,VENTRIX SUSPENSIÓN,3,1,15,1
1074,VENTRIX SUSPENSIÓN,3,1,15,2
1075,VERMICELL,3,1,1,1
1076,VERMICELL,3,1,1,2
1077,VERMICELL PLUS,3,1,1,1
1078,VERMICELL PLUS,3,1,1,2
1079,VERMICELL TABLETAS,3,1,1,1
1080,VERMICELL TABLETAS,3,1,1,2
1081,VETCITRO,3,11,19,1
1082,VETCITRO,3,11,19,2
1083,VETCITRO,3,11,19,1
1084,VETCITRO,3,11,19,2
1085,VETERIBAC MASCOTAS,3,3,2,1
1086,VETERIBAC MASCOTAS,3,3,2,2
1087,VETERIBAC MASCOTAS GEL,3,11,2,1
1088,VETERIBAC MASCOTAS GEL,3,11,2,2
1089,VETISUL,3,3,2,1
1090,VETISUL,3,3,2,2
1091,VETMEDIN,4,1,12,1
1092,VETMEDIN,4,1,12,2
1093,VETMEDIN 1.25 mg,4,1,12,1
1094,VETMEDIN 1.25 mg,4,1,12,2
1095,VETRACINA SUSPENSIÓN,4,1,2,1
1096,VETRACINA SUSPENSIÓN,4,1,2,2
1097,VETRIDERM ESSEC ESPUMA SECA,3,11,19,1
1098,VETRIDERM ESSEC ESPUMA SECA,3,11,19,2
1099,VETRIDERM JABÓN DERMATOLÓGICO,3,11,19,1
1100,VETRIDERM JABÓN DERMATOLÓGICO,3,11,19,2
1101,VETRIDERM OTO,3,13,18,1
1102,VETRIDERM OTO,3,13,18,2
1103,VETRIDERM SHAMPOO,3,11,19,1
1104,VETRIDERM SHAMPOO,3,11,19,2
1105,VIDA-FIORI,23,3,8,1
1106,VIDA-FIORI,23,3,8,2
1107,VIGANTOL ADE FUERTE,3,3,8,1
1108,VIGANTOL ADE FUERTE,3,3,8,2
1109,VIOGEL,3,11,19,1
1110,VIOGEL,3,11,19,2
1111,VIRUSTAD,3,3,6,1
1112,VIRUSTAD,3,3,6,2
1113,VITAFORT ADE+B,3,3,8,1
1114,VITAFORT ADE+B,3,3,8,2
1115,VITAFORT-H,3,3,8,1
1116,VITAFORT-H,3,3,8,2
1117,VITA-JOINT PET,3,1,8,1
1118,VITA-JOINT PET,3,1,8,2
1119,VITALEX PETS,3,1,8,1
1120,VITALEX PETS,3,1,8,2
1121,VITAMINA ADE,3,3,8,1
1122,VITAMINA ADE,3,3,8,2
1123,VITAMINA B12 5500,3,3,8,1
1124,VITAMINA B12 5500,3,3,8,2
1125,VITAMINA C,3,3,8,1
1126,VITAMINA C,3,3,8,2
1127,VITAMINA NEGRA,3,3,8,1
1128,VITAMINA NEGRA,3,3,8,2
1129,VITAMINAS + CARNITINA,3,3,8,1
1130,VITAMINAS + CARNITINA,3,3,8,2
1131,VITANHEGRA B12,3,3,8,1
1132,VITANHEGRA B12,3,3,8,2
1133,VITAPET-PHORTE,3,1,8,1
1134,VITAPET-PHORTE,3,1,8,2
1135,VITARÉ,3,1,8,1
1136,VITARÉ,3,1,8,2
1137,VITARÉ OMG,3,1,8,1
1138,VITARÉ OMG,3,1,8,2
1139,VITASEHY PET,24,3,8,1
1140,VITASEHY PET,24,3,8,2
1141,XILAZINA AL 10%,3,3,10,1
1142,XILAZINA AL 10%,3,3,10,2
1143,XILAZINA INYECTABLE ARANDA,3,3,10,1
1144,XILAZINA INYECTABLE ARANDA,3,3,10,2
1145,XILOCAM,3,3,10,1
1146,XILOCAM,3,3,10,2
1147,XILOCAM GOTAS,3,12,17,1
1148,XILOCAM GOTAS,3,12,17,2
1149,YODO DESINFECTANTE,3,3,11,1
1150,YODO DESINFECTANTE,3,3,11,2
1151,ZENLAVET 10%,3,3,2,1
1152,ZENLAVET 10%,3,3,2,2
1153,ZENLAVET 2%,3,3,2,1
1154,ZENLAVET 2%,3,3,2,2
1155,ZEOLEX EXTRA,3,3,14,1
1156,ZEOLEX EXTRA,3,3,14,2
1157,ZEOTEK,3,3,14,1
1158,ZEOTEK,3,3,14,2
1159,ZINPAR,3,3,1,1
1160,ZINPAR,3,3,1,2
1161,ZINPAR PIPETAS,3,11,29,1
1162,ZINPAR PIPETAS,3,11,29,2
1163,ZINPAR PRO,3,11,29,1
1164,ZINPAR PRO,3,11,29,2
1165,ZINPAR PRO,3,11,29,1
1166,ZINPAR PRO,3,11,29,2
1167,ZONAVET,3,3,2,1
1168,ZONAVET,3,3,2,2
1169,ZOPOL GRIN,3,3,2,1
1170,ZOPOL GRIN,3,3,2,2
1171,ZURI-COX 5%,3,3,3,1
1172,ZURI-COX 5%,3,3,3,2
1173,Enrofloxacina,29,20,32,3
1174,Amoxicilina,30,21,33,3
1175,Ceftazidima,31,22,34,3
1176,Gentamicina,32,23,35,3
1177,Doxiciclina,33,24,36,3
1178,Marbofloxacina,34,25,37,3
1179,Azitromicina,35,19,38,3
1180,Cefalexina,36,20,39,3
1181,Cloranfenicol,37,21,40,3
1182,Trimetoprima-Sulfametoxazol,38,22,41,3
1183,Ciprofloxacina,39,23,42,3
1184,Ampicilina,40,24,43,3
1185,Tetraciclina,41,25,44,3
1186,Neomicina,42,19,45,3
1187,Claritromicina,43,20,31,3
1188,Fenbendazol,44,21,32,3
1189,Ivermectina,45,22,33,3
1190,Praziquantel,46,23,34,3
1191,Metronidazol,47,24,35,3
1192,Albendazol,48,25,36,3
1193,Pirantel,49,19,37,3
1194,Levamisol,50,20,38,3
1195,Mebendazol,51,21,39,3
1196,Piperazina,52,22,40,3
1197,Nitazoxanida,28,23,41,3
1198,Tiabendazol,29,24,42,3
1199,Oxfendazol,30,25,43,3
1200,Multivitamínico,31,19,44,3
1201,Vitamina A,32,20,45,3
1202,Vitamina D3,33,21,31,3
1203,Vitamina E,34,22,32,3
1204,Vitamina K,35,23,33,3
1205,Complejo B,36,24,34,3
1206,Vitamina C,37,25,35,3
1207,Biotina,38,19,36,3
1208,Meloxicam,39,20,37,3
1209,Carprofeno,40,21,38,3
1210,Ketoprofeno,41,22,39,3
1211,Flunixina,42,23,40,3
1212,Piroxicam,43,24,41,3
1213,Dexametasona,44,25,42,3
1214,Prednisolona,45,19,43,3
1215,Diclofenaco,46,20,44,3
1216,Clotrimazol,47,21,45,3
1217,Ketoconazol,48,22,31,3
1218,Itraconazol,49,23,32,3
1219,Fluconazol,50,24,33,3
1220,Miconazol,51,25,34,3
1221,Terbinafina,52,19,35,3
1222,Nistatina,28,20,36,3
1223,Gluconato de Calcio,29,21,37,3
1224,Calcitriol,30,22,38,3
1225,Oxitocina,31,23,39,3
1226,Atropina,32,24,40,3
1227,Butorfanol,33,25,41,3
1228,Tramadol,34,19,42,3
1229,Omeprazol,35,20,43,3
1230,Ranitidina,36,21,44,3
1231,Metoclopramida,37,22,45,3
1232,Lactulosa,38,23,31,3
1233,Silimarina,39,24,32,3
1234,Ácido Ascórbico,40,25,33,3
1235,Enrofloxacina,41,19,34,3
1236,Amoxicilina,42,20,35,3
1237,Ceftazidima,43,21,36,3
1238,Gentamicina,44,22,37,3
1239,Doxiciclina,45,23,38,3
1240,Marbofloxacina,46,24,39,3
1241,Azitromicina,47,25,40,3
1242,Cefalexina,48,19,41,3
1243,Cloranfenicol,49,20,42,3
1244,Trimetoprima-Sulfametoxazol,50,21,43,3
1245,Ciprofloxacina,51,22,44,3
1246,Ampicilina,52,23,45,3
1247,Tetraciclina,28,24,31,3
1248,Neomicina,29,25,32,3
1249,Claritromicina,30,19,33,3
1250,Fenbendazol,31,20,34,3
1251,Ivermectina,32,21,35,3
1252,Praziquantel,33,22,36,3
1253,Metronidazol,34,23,37,3
1254,Albendazol,35,24,38,3
1255,Pirantel,36,25,39,3
1256,Levamisol,37,19,40,3
1257,Mebendazol,38,20,41,3
1258,Piperazina,39,21,42,3
1259,Nitazoxanida,40,22,43,3
1260,Tiabendazol,41,23,44,3
1261,Oxfendazol,42,24,45,3
1262,Multivitamínico,43,25,31,3
1263,Vitamina A,44,19,32,3
1264,Vitamina D3,45,20,33,3
1265,Vitamina E,46,21,34,3
1266,Vitamina K,47,22,35,3
1267,Complejo B,48,23,36,3
1268,Vitamina C,49,24,37,3
1269,Biotina,50,25,38,3
1270,Meloxicam,51,19,39,3
1271,Carprofeno,52,20,40,3
1272,Ketoprofeno,28,21,41,3
1273,Flunixina,29,22,42,3
1274,Piroxicam,30,23,43,3
1275,Dexametasona,31,24,44,3
1276,Prednisolona,32,25,45,3
1277,Diclofenaco,33,19,31,3
1278,Clotrimazol,34,20,32,3
1279,Ketoconazol,35,21,33,3
1280,Itraconazol,36,22,34,3
1281,Fluconazol,37,23,35,3
1282,Miconazol,38,24,36,3
1283,Terbinafina,39,25,37,3
1284,Nistatina,40,19,38,3
1285,Gluconato de Calcio,41,20,39,3
1286,Calcitriol,42,21,40,3
1287,Oxitocina,43,22,41,3
1288,Atropina,44,23,42,3
1289,Butorfanol,45,24,43,3
1290,Tramadol,46,25,44,3
1291,Omeprazol,47,19,45,3
1292,Ranitidina,48,20,31,3
1293,Metoclopramida,49,21,32,3
1294,Lactulosa,50,22,33,3
1295,Silimarina,51,23,34,3
1296,Ácido Ascórbico,52,24,35,3
1297,Enrofloxacina,28,25,36,3
1298,Amoxicilina,29,19,37,3
1299,Ceftazidima,30,20,38,3
1300,Gentamicina,31,21,39,3
1301,Doxiciclina,32,22,40,3
1302,Marbofloxacina,33,23,41,3
1303,Azitromicina,34,24,42,3
1304,Cefalexina,35,25,43,3
1305,Cloranfenicol,36,19,44,3
1306,Trimetoprima-Sulfametoxazol,37,20,45,3
1307,Ciprofloxacina,38,21,31,3
1308,Ampicilina,39,22,32,3
1309,Tetraciclina,40,23,33,3
1310,Neomicina,41,24,34,3
1311,Claritromicina,42,25,35,3
1312,Fenbendazol,43,19,36,3
1313,Ivermectina,44,20,37,3
1314,Praziquantel,45,21,38,3
1315,Metronidazol,46,22,39,3
1316,Albendazol,47,23,40,3
1317,Pirantel,48,24,41,3
1318,Levamisol,49,25,42,3
1319,Mebendazol,50,19,43,3
1320,Piperazina,51,20,44,3
1321,Nitazoxanida,52,21,45,3
1322,Tiabendazol,28,22,31,3
1323,Oxfendazol,29,23,32,3
1324,Multivitamínico,30,24,33,3
1325,Vitamina A,31,25,34,3
1326,Vitamina D3,32,19,35,3
1327,Vitamina E,33,20,36,3
1328,Vitamina K,34,21,37,3
1329,Complejo B,35,22,38,3
1330,Vitamina C,36,23,39,3
1331,Biotina,37,24,40,3
1332,Meloxicam,38,25,41,3
1333,Carprofeno,39,19,42,3
1334,Ketoprofeno,40,20,43,3
1335,Flunixina,41,21,44,3
1336,Piroxicam,42,22,45,3
1337,Dexametasona,43,23,31,3
1338,Prednisolona,44,24,32,3
1339,Diclofenaco,45,25,33,3
1340,Clotrimazol,46,19,34,3
1341,Ketoconazol,47,20,35,3
1342,Itraconazol,48,21,36,3
1343,Fluconazol,49,22,37,3
1344,Miconazol,50,23,38,3
1345,Terbinafina,51,24,39,3
1346,Nistatina,52,25,40,3
1347,Gluconato de Calcio,28,19,41,3
1348,Calcitriol,29,20,42,3
1349,Oxitocina,30,21,43,3
1350,Atropina,31,22,44,3
1351,Butorfanol,32,23,45,3
1352,Tramadol,33,24,31,3
1353,Omeprazol,34,25,32,3
1354,Ranitidina,35,19,33,3
1355,Metoclopramida,36,20,34,3
1356,Lactulosa,37,21,35,3
1357,Silimarina,38,22,36,3
1358,Ácido Ascórbico,39,23,37,3
1359,Enrofloxacina,40,24,38,3
1360,Amoxicilina,41,25,39,3
1361,Ceftazidima,42,19,40,3
1362,Gentamicina,43,20,41,3
1363,Doxiciclina,44,21,42,3
1364,Marbofloxacina,45,22,43,3
1365,Azitromicina,46,23,44,3
1366,Cefalexina,47,24,45,3
1367,Cloranfenicol,48,25,31,3
1368,Trimetoprima-Sulfametoxazol,49,19,32,3
1369,Ciprofloxacina,50,20,33,3
1370,Ampicilina,51,21,34,3
1371,Tetraciclina,52,22,35,3
1372,Neomicina,28,23,36,3
1373,Claritromicina,29,24,37,3
1374,Fenbendazol,30,25,38,3
1375,Ivermectina,31,19,39,3
1376,Praziquantel,32,20,40,3
1377,Metronidazol,33,21,41,3
1378,Albendazol,34,22,42,3
1379,Pirantel,35,23,43,3
1380,Levamisol,36,24,44,3
1381,Mebendazol,37,25,45,3
1382,Piperazina,38,19,31,3
1383,Nitazoxanida,39,20,32,3
1384,Tiabendazol,40,21,33,3
1385,Oxfendazol,41,22,34,3
1386,Multivitamínico,42,23,35,3
1387,Vitamina A,43,24,36,3
1388,Vitamina D3,44,25,37,3
1389,Vitamina E,45,19,38,3
1390,Vitamina K,46,20,39,3
1391,Complejo B,47,21,40,3
1392,Vitamina C,48,22,41,3
1393,Biotina,49,23,42,3
1394,Meloxicam,50,24,43,3
1395,Carprofeno,51,25,44,3
1396,Ketoprofeno,52,19,45,3
1397,Flunixina,28,20,31,3
1398,Piroxicam,29,21,32,3
1399,Dexametasona,30,22,33,3
1400,Prednisolona,31,23,34,3
1401,Diclofenaco,32,24,35,3
1402,Clotrimazol,33,25,36,3
1403,Ketoconazol,34,19,37,3
1404,Itraconazol,35,20,38,3
1405,Fluconazol,36,21,39,3
1406,Miconazol,37,22,40,3
1407,Terbinafina,38,23,41,3
1408,Nistatina,39,24,42,3
1409,Gluconato de Calcio,40,25,43,3
1410,Calcitriol,41,19,44,3
1411,Oxitocina,42,20,45,3
1412,Atropina,43,21,31,3
1413,Butorfanol,44,22,32,3
1414,Tramadol,45,23,33,3
1415,Omeprazol,46,24,34,3
1416,Ranitidina,47,25,35,3
1417,Metoclopramida,48,19,36,3
1418,Lactulosa,49,20,37,3
1419,Silimarina,50,21,38,3
1420,Ácido Ascórbico,51,22,39,3
1421,Enrofloxacina,52,23,40,3
1422,Amoxicilina,28,24,41,3
1423,Ceftazidima,29,25,42,3
1424,Gentamicina,30,19,43,3
1425,Doxiciclina,31,20,44,3
1426,Marbofloxacina,32,21,45,3
1427,Azitromicina,33,22,31,3
1428,Cefalexina,34,23,32,3
1429,Cloranfenicol,35,24,33,3
1430,Trimetoprima-Sulfametoxazol,36,25,34,3
1431,Ciprofloxacina,37,19,35,3
1432,Ampicilina,38,20,36,3
1433,Tetraciclina,39,21,37,3
1434,Neomicina,40,22,38,3
1435,Claritromicina,41,23,39,3
1436,Fenbendazol,42,24,40,3
1437,Ivermectina,43,25,41,3
1438,Praziquantel,44,19,42,3
1439,Metronidazol,45,20,43,3
1440,Albendazol,46,21,44,3
1441,Pirantel,47,22,45,3
1442,Levamisol,48,23,31,3
1443,Mebendazol,49,24,32,3
1444,Piperazina,50,25,33,3
1445,Nitazoxanida,51,19,34,3
1446,Tiabendazol,52,20,35,3
1447,Oxfendazol,28,21,36,3
1448,Multivitamínico,29,22,37,3
1449,Vitamina A,30,23,38,3
1450,Vitamina D3,31,24,39,3
1451,Vitamina E,32,25,40,3
1452,Vitamina K,33,19,41,3
1453,Complejo B,34,20,42,3
1454,Vitamina C,35,21,43,3
1455,Biotina,36,22,44,3
1456,Meloxicam,37,23,45,3
1457,Carprofeno,38,24,31,3
1458,Ketoprofeno,39,25,32,3
1459,Flunixina,40,19,33,3
1460,Piroxicam,41,20,34,3
1461,Dexametasona,42,21,35,3
1462,Prednisolona,43,22,36,3
1463,Diclofenaco,44,23,37,3
1464,Clotrimazol,45,24,38,3
1465,Ketoconazol,46,25,39,3
1466,Itraconazol,47,19,40,3
1467,Fluconazol,48,20,41,3
1468,Miconazol,49,21,42,3
1469,Terbinafina,50,22,43,3
1470,Nistatina,51,23,44,3
1471,Gluconato de Calcio,52,24,45,3
1472,Calcitriol,28,25,31,3
1473,Oxitocina,29,19,32,3
1474,Atropina,30,20,33,3
1475,Butorfanol,31,21,34,3
1476,Tramadol,32,22,35,3
1477,Omeprazol,33,23,36,3
1478,Ranitidina,34,24,37,3
1479,Metoclopramida,35,25,38,3
1480,Lactulosa,36,19,39,3
1481,Silimarina,37,20,40,3
1482,Ácido Ascórbico,38,21,41,3
1483,Enrofloxacina,39,22,42,3
1484,Amoxicilina,40,23,43,3
1485,Ceftazidima,41,24,44,3
1486,Gentamicina,42,25,45,3
1487,Doxiciclina,43,19,31,3
1488,Marbofloxacina,44,20,32,3
1489,Azitromicina,45,21,33,3
1490,Cefalexina,46,22,34,3
1491,Cloranfenicol,47,23,35,3
1492,Trimetoprima-Sulfametoxazol,48,24,36,3
1493,Ciprofloxacina,49,25,37,3
1494,Ampicilina,50,19,38,3
1495,Tetraciclina,51,20,39,3
1496,Neomicina,52,21,40,3
1497,Claritromicina,28,22,41,3
1498,Fenbendazol,29,23,42,3
1499,Ivermectina,30,24,43,3
1500,Praziquantel,31,25,44,3
1501,Metronidazol,32,19,45,3
1502,Albendazol,33,20,31,3
1503,Pirantel,34,21,32,3
1504,Levamisol,35,22,33,3
1505,Mebendazol,36,23,34,3
1506,Piperazina,37,24,35,3
1507,Nitazoxanida,38,25,36,3
1508,Tiabendazol,39,19,37,3
1509,Oxfendazol,40,20,38,3
1510,Multivitamínico,41,21,39,3
1511,Vitamina A,42,22,40,3
1512,Vitamina D3,43,23,41,3
1513,Vitamina E,44,24,42,3
1514,Vitamina K,45,25,43,3
1515,Complejo B,46,19,44,3
1516,Vitamina C,47,20,45,3
1517,Biotina,48,21,31,3
1518,Meloxicam,49,22,32,3
1519,Carprofeno,50,23,33,3
1520,Ketoprofeno,51,24,34,3
1521,Flunixina,52,25,35,3
1522,Piroxicam,28,19,36,3
1523,Dexametasona,29,20,37,3
1524,Prednisolona,30,21,38,3
1525,Diclofenaco,31,22,39,3
1526,Clotrimazol,32,23,40,3
1527,Ketoconazol,33,24,41,3
1528,Itraconazol,34,25,42,3
1529,Fluconazol,35,19,43,3
1530,Miconazol,36,20,44,3
1531,Terbinafina,37,21,45,3
1532,Nistatina,38,22,31,3
1533,Gluconato de Calcio,39,23,32,3
1534,Calcitriol,40,24,33,3
1535,Oxitocina,41,25,34,3
1536,Atropina,42,19,35,3
1537,Butorfanol,43,20,36,3
1538,Tramadol,44,21,37,3
1539,Omeprazol,45,22,38,3
1540,Ranitidina,46,23,39,3
1541,Metoclopramida,47,24,40,3
1542,Lactulosa,48,25,41,3
1543,Silimarina,49,19,42,3
1544,Ácido Ascórbico,50,20,43,3
1545,Enrofloxacina,51,21,44,3
1546,Amoxicilina,52,22,45,3
1547,Ceftazidima,28,23,31,3
1548,Gentamicina,29,24,32,3
1549,Doxiciclina,30,25,33,3
1550,Marbofloxacina,31,19,34,3
1551,Azitromicina,32,20,35,3
1552,Cefalexina,33,21,36,3
1553,Cloranfenicol,34,22,37,3
1554,Trimetoprima-Sulfametoxazol,35,23,38,3
1555,Ciprofloxacina,36,24,39,3
1556,Ampicilina,37,25,40,3
1557,Tetraciclina,38,19,41,3
1558,Neomicina,39,20,42,3
1559,Claritromicina,40,21,43,3
1560,Fenbendazol,41,22,44,3
1561,Ivermectina,42,23,45,3
1562,Praziquantel,43,24,31,3
1563,Metronidazol,44,25,32,3
1564,Albendazol,45,19,33,3
1565,Pirantel,46,20,34,3
1566,Levamisol,47,21,35,3
1567,Mebendazol,48,22,36,3
1568,Piperazina,49,23,37,3
1569,Nitazoxanida,50,24,38,3
1570,Tiabendazol,51,25,39,3
1571,Oxfendazol,52,19,40,3
1572,Multivitamínico,28,20,41,3
1573,Vitamina A,29,21,42,3
1574,Vitamina D3,30,22,43,3
1575,Vitamina E,31,23,44,3
1576,Vitamina K,32,24,45,3
1577,Complejo B,33,25,31,3
1578,Vitamina C,34,19,32,3
1579,Biotina,35,20,33,3
1580,Meloxicam,36,21,34,3
1581,Carprofeno,37,22,35,3
1582,Ketoprofeno,38,23,36,3
1583,Flunixina,39,24,37,3
1584,Piroxicam,40,25,38,3
1585,Dexametasona,41,19,39,3
1586,Prednisolona,42,20,40,3
1587,Diclofenaco,43,21,41,3
1588,Clotrimazol,44,22,42,3
1589,Ketoconazol,45,23,43,3
1590,Itraconazol,46,24,44,3
1591,Fluconazol,47,25,45,3
1592,Miconazol,48,19,31,3
1593,Terbinafina,49,20,32,3
1594,Nistatina,50,21,33,3
1595,Gluconato de Calcio,51,22,34,3
1596,Calcitriol,52,23,35,3
1597,Oxitocina,28,24,36,3
1598,Atropina,29,25,37,3
1599,Butorfanol,30,19,38,3
1600,Tramadol,31,20,39,3
1601,Omeprazol,32,21,40,3
1602,Ranitidina,33,22,41,3
1603,Metoclopramida,34,23,42,3
1604,Lactulosa,35,24,43,3
1605,Silimarina,36,25,44,3
1606,Ácido Ascórbico,37,19,45,3
1607,Enrofloxacina,38,20,31,3
1608,Amoxicilina,39,21,32,3
1609,Ceftazidima,40,22,33,3
1610,Gentamicina,41,23,34,3
1611,Doxiciclina,42,24,35,3
1612,Marbofloxacina,43,25,36,3
1613,Azitromicina,44,19,37,3
1614,Cefalexina,45,20,38,3
1615,Cloranfenicol,46,21,39,3
1616,Trimetoprima-Sulfametoxazol,47,22,40,3
1617,Ciprofloxacina,48,23,41,3
1618,Ampicilina,49,24,42,3
1619,Tetraciclina,50,25,43,3
1620,Neomicina,51,19,44,3
1621,Claritromicina,52,20,45,3
1622,Fenbendazol,28,21,31,3
1623,Ivermectina,29,22,32,3
1624,Praziquantel,30,23,33,3
1625,Metronidazol,31,24,34,3
1626,Albendazol,32,25,35,3
1627,Pirantel,33,19,36,3
1628,Levamisol,34,20,37,3
1629,Mebendazol,35,21,38,3
1630,Piperazina,36,22,39,3
1631,Nitazoxanida,37,23,40,3
1632,Tiabendazol,38,24,41,3
1633,Oxfendazol,39,25,42,3
1634,Multivitamínico,40,19,43,3
1635,Vitamina A,41,20,44,3
1636,Vitamina D3,42,21,45,3
1637,Vitamina E,43,22,31,3
1638,Vitamina K,44,23,32,3
1639,Complejo B,45,24,33,3
1640,Vitamina C,46,25,34,3
1641,Biotina,47,19,35,3
1642,Meloxicam,48,20,36,3
1643,Carprofeno,49,21,37,3
1644,Ketoprofeno,50,22,38,3
1645,Flunixina,51,23,39,3
1646,Piroxicam,52,24,40,3
1647,Dexametasona,28,25,41,3
1648,Prednisolona,29,19,42,3
1649,Diclofenaco,30,20,43,3
1650,Clotrimazol,31,21,44,3
1651,Ketoconazol,32,22,45,3
1652,Itraconazol,33,23,31,3
1653,Fluconazol,34,24,32,3
1654,Miconazol,35,25,33,3
1655,Terbinafina,36,19,34,3
1656,Nistatina,37,20,35,3
1657,Gluconato de Calcio,38,21,36,3
1658,Calcitriol,39,22,37,3
1659,Oxitocina,40,23,38,3
1660,Atropina,41,24,39,3
1661,Butorfanol,42,25,40,3
1662,Tramadol,43,19,41,3
1663,Omeprazol,44,20,42,3
1664,Ranitidina,45,21,43,3
1665,Metoclopramida,46,22,44,3
1666,Lactulosa,47,23,45,3
1667,Silimarina,48,24,31,3
1668,Ácido Ascórbico,49,25,32,3
1669,Enrofloxacina,50,19,33,3
1670,Amoxicilina,51,20,34,3
1671,Ceftazidima,52,21,35,3
1672,Gentamicina,28,22,36,3
1673,Doxiciclina,29,23,37,3
1674,Marbofloxacina,30,24,38,3
1675,Azitromicina,31,25,39,3
1676,Cefalexina,32,19,40,3
1677,Cloranfenicol,33,20,41,3
1678,Trimetoprima-Sulfametoxazol,34,21,42,3
1679,Ciprofloxacina,35,22,43,3
1680,Ampicilina,36,23,44,3
1681,Tetraciclina,37,24,45,3
1682,Neomicina,38,25,31,3
1683,Claritromicina,39,19,32,3
1684,Fenbendazol,40,20,33,3
1685,Ivermectina,41,21,34,3
1686,Praziquantel,42,22,35,3
1687,Metronidazol,43,23,36,3
1688,Albendazol,44,24,37,3
1689,Pirantel,45,25,38,3
1690,Levamisol,46,19,39,3
1691,Mebendazol,47,20,40,3
1692,Piperazina,48,21,41,3
1693,Nitazoxanida,49,22,42,3
1694,Tiabendazol,50,23,43,3
1695,Oxfendazol,51,24,44,3
1696,Multivitamínico,52,25,45,3
1697,Vitamina A,28,19,31,3
1698,Vitamina D3,29,20,32,3
1699,Vitamina E,30,21,33,3
1700,Vitamina K,31,22,34,3
1701,Complejo B,32,23,35,3
1702,Vitamina C,33,24,36,3
1703,Biotina,34,25,37,3
1704,Meloxicam,35,19,38,3
1705,Carprofeno,36,20,39,3
1706,Ketoprofeno,37,21,40,3
1707,Flunixina,38,22,41,3
1708,Piroxicam,39,23,42,3
1709,Dexametasona,40,24,43,3
1710,Prednisolona,41,25,44,3
1711,Diclofenaco,42,19,45,3
1712,Clotrimazol,43,20,31,3
1713,Ketoconazol,44,21,32,3
1714,Itraconazol,45,22,33,3
1715,Fluconazol,46,23,34,3
1716,Miconazol,47,24,35,3
1717,Terbinafina,48,25,36,3
1718,Nistatina,49,19,37,3
1719,Gluconato de Calcio,50,20,38,3
1720,Calcitriol,51,21,39,3
1721,Oxitocina,52,22,40,3
1722,Atropina,28,23,41,3
1723,Butorfanol,29,24,42,3
1724,Tramadol,30,25,43,3
1725,Omeprazol,31,19,44,3
1726,Ranitidina,32,20,45,3
1727,Metoclopramida,33,21,31,3
1728,Lactulosa,34,22,32,3
1729,Silimarina,35,23,33,3
1730,Ácido Ascórbico,36,24,34,3
1731,Enrofloxacina,37,25,35,3
1732,Amoxicilina,38,19,36,3
1733,Ceftazidima,39,20,37,3
1734,Gentamicina,40,21,38,3
1735,Doxiciclina,41,22,39,3
1736,Marbofloxacina,42,23,40,3
1737,Azitromicina,43,24,41,3
1738,Cefalexina,44,25,42,3
1739,Cloranfenicol,45,19,43,3
1740,Trimetoprima-Sulfametoxazol,46,20,44,3
1741,Ciprofloxacina,47,21,45,3
1742,Ampicilina,48,22,31,3
1743,Tetraciclina,49,23,32,3
1744,Neomicina,50,24,33,3
1745,Claritromicina,51,25,34,3
1746,Fenbendazol,52,19,35,3
1747,Ivermectina,28,20,36,3
1748,Praziquantel,29,21,37,3
1749,Metronidazol,30,22,38,3
1750,Albendazol,31,23,39,3
1751,Pirantel,32,24,40,3
1752,Levamisol,33,25,41,3
1753,Mebendazol,34,19,42,3
1754,Piperazina,35,20,43,3
1755,Nitazoxanida,36,21,44,3
1756,Tiabendazol,37,22,45,3
1757,Oxfendazol,38,23,31,3
1758,Multivitamínico,39,24,32,3
1759,Vitamina A,40,25,33,3
1760,Vitamina D3,41,19,34,3
1761,Vitamina E,42,20,35,3
1762,Vitamina K,43,21,36,3
1763,Complejo B,44,22,37,3
1764,Vitamina C,45,23,38,3
1765,Biotina,46,24,39,3
1766,Meloxicam,47,25,40,3
1767,Carprofeno,48,19,41,3
1768,Ketoprofeno,49,20,42,3
1769,Flunixina,50,21,43,3
1770,Piroxicam,51,22,44,3
1771,Dexametasona,52,23,45,3
1772,Prednisolona,28,24,31,3
1773,Diclofenaco,29,25,32,3
1774,Clotrimazol,30,19,33,3
1775,Ketoconazol,31,20,34,3
1776,Itraconazol,32,21,35,3
1777,Fluconazol,33,22,36,3
1778,Miconazol,34,23,37,3
1779,Terbinafina,35,24,38,3
1780,Nistatina,36,25,39,3
1781,Gluconato de Calcio,37,19,40,3
1782,Calcitriol,38,20,41,3
1783,Oxitocina,39,21,42,3
1784,Atropina,40,22,43,3
1785,Butorfanol,41,23,44,3
1786,Tramadol,42,24,45,3
1787,Omeprazol,43,25,31,3
1788,Ranitidina,44,19,32,3
1789,Metoclopramida,45,20,33,3
1790,Lactulosa,46,21,34,3
1791,Silimarina,47,22,35,3
1792,Ácido Ascórbico,48,23,36,3
1793,Enrofloxacina,49,24,37,3
1794,Amoxicilina,50,25,38,3
1795,Ceftazidima,51,19,39,3
1796,Gentamicina,52,20,40,3
1797,Doxiciclina,28,21,41,3
1798,Marbofloxacina,29,22,42,3
1799,Azitromicina,30,23,43,3
1800,Cefalexina,31,24,44,3
1801,Cloranfenicol,32,25,45,3
1802,Trimetoprima-Sulfametoxazol,33,19,31,3
1803,Ciprofloxacina,34,20,32,3
1804,Ampicilina,35,21,33,3
1805,Tetraciclina,36,22,34,3
1806,Neomicina,37,23,35,3
1807,Claritromicina,38,24,36,3
1808,Fenbendazol,39,25,37,3
1809,Ivermectina,40,19,38,3
1810,Praziquantel,41,20,39,3
1811,Metronidazol,42,21,40,3
1812,Albendazol,43,22,41,3
1813,Pirantel,44,23,42,3
1814,Levamisol,45,24,43,3
1815,Mebendazol,46,25,44,3
1816,Piperazina,47,19,45,3
1817,Nitazoxanida,48,20,31,3
1818,Tiabendazol,49,21,32,3
1819,Oxfendazol,50,22,33,3
1820,Multivitamínico,51,23,34,3
1821,Vitamina A,52,24,35,3
1822,Vitamina D3,28,25,36,3
1823,Vitamina E,29,19,37,3
1824,Vitamina K,30,20,38,3
1825,Complejo B,31,21,39,3
1826,Vitamina C,32,22,40,3
1827,Biotina,33,23,41,3
1828,Meloxicam,34,24,42,3
1829,Carprofeno,35,25,43,3
1830,Ketoprofeno,36,19,44,3
1831,Flunixina,37,20,45,3
1832,Piroxicam,38,21,31,3
1833,Dexametasona,39,22,32,3
1834,Prednisolona,40,23,33,3
1835,Diclofenaco,41,24,34,3
1836,Clotrimazol,42,25,35,3
1837,Ketoconazol,43,19,36,3
1838,Itraconazol,44,20,37,3
1839,Fluconazol,45,21,38,3
1840,Miconazol,46,22,39,3
1841,Terbinafina,47,23,40,3
1842,Nistatina,48,24,41,3
1843,Gluconato de Calcio,49,25,42,3
1844,Calcitriol,50,19,43,3
1845,Oxitocina,51,20,44,3
1846,Atropina,52,21,45,3
1847,Butorfanol,28,22,31,3
1848,Tramadol,29,23,32,3
1849,Omeprazol,30,24,33,3
1850,Ranitidina,31,25,34,3
1851,Metoclopramida,32,19,35,3
1852,Lactulosa,33,20,36,3
1853,Silimarina,34,21,37,3
1854,Ácido Ascórbico,35,22,38,3
1855,Enrofloxacina,36,23,39,3
1856,Amoxicilina,37,24,40,3
1857,Ceftazidima,38,25,41,3
1858,Gentamicina,39,19,42,3
1859,Doxiciclina,40,20,43,3
1860,Marbofloxacina,41,21,44,3
1861,Azitromicina,42,22,45,3
1862,Cefalexina,43,23,31,3
1863,Cloranfenicol,44,24,32,3
1864,Trimetoprima-Sulfametoxazol,45,25,33,3
1865,Ciprofloxacina,46,19,34,3
1866,Ampicilina,47,20,35,3
1867,Tetraciclina,48,21,36,3
1868,Neomicina,49,22,37,3
1869,Claritromicina,50,23,38,3
1870,Fenbendazol,51,24,39,3
1871,Ivermectina,52,25,40,3
1872,Praziquantel,28,19,41,3
1873,Enrofloxacina,29,26,32,4
1874,Doxiciclina,53,21,33,4
1875,Amoxicilina-Clavulánico,31,27,34,4
1876,Azitromicina,54,28,46,4
1877,Ceftazidima,33,24,36,4
1878,Trimetoprima-Sulfametoxazol,34,25,37,4
1879,Claritromicina,35,29,38,4
1880,Cefalexina,36,19,39,4
1881,Marbofloxacina,37,26,40,4
1882,Cloranfenicol,38,21,41,4
1883,Gentamicina,39,27,47,4
1884,Tilosina,40,28,43,4
1885,Lincomicina,41,24,44,4
1886,Ampicilina,42,25,45,4
1887,Tetraciclina,43,29,31,4
1888,Ciprofloxacina,44,19,32,4
1889,Fenbendazol,45,26,33,4
1890,Ivermectina,46,21,34,4
1891,Praziquantel,47,27,46,4
1892,Metronidazol,48,28,36,4
1893,Levamisol,49,24,37,4
1894,Albendazol,55,25,38,4
1895,Moxidectina,51,29,39,4
1896,Pirantel,56,19,40,4
1897,Selamectina,28,26,41,4
1898,Fipronil,29,21,47,4
1899,Itraconazol,53,27,43,4
1900,Fluconazol,31,28,44,4
1901,Ketoconazol,54,24,45,4
1902,Nistatina,33,25,31,4
1903,Anfotericina B,34,29,32,4
1904,Voriconazol,35,19,33,4
1905,Terbinafina,36,26,34,4
1906,Multivitamínico,37,21,46,4
1907,Vitamina A,38,27,36,4
1908,Vitamina D3,39,28,37,4
1909,Vitamina E,40,24,38,4
1910,Vitamina K,41,25,39,4
1911,Complejo B,42,29,40,4
1912,Vitamina C,43,19,41,4
1913,Biotina,44,26,47,4
1914,Ácido Fólico,45,21,43,4
1915,Tiamina,46,27,44,4
1916,Meloxicam,47,28,45,4
1917,Carprofeno,48,24,31,4
1918,Ketoprofeno,49,25,32,4
1919,Butorfanol,55,29,33,4
1920,Tramadol,51,19,34,4
1921,Prednisolona,56,26,46,4
1922,Dexametasona,28,21,36,4
1923,Gluconato de Calcio,29,27,37,4
1924,Oxitocina,53,28,38,4
1925,Lactulosa,31,24,39,4
1926,Metoclopramida,54,25,40,4
1927,Omeprazol,33,29,41,4
1928,Ranitidina,34,19,47,4
1929,Silimarina,35,26,43,4
1930,L-carnitina,36,21,44,4
1931,Probióticos,37,27,45,4
1932,Enzimas digestivas,38,28,31,4
1933,Enrofloxacina,39,24,32,4
1934,Doxiciclina,40,25,33,4
1935,Amoxicilina-Clavulánico,41,29,34,4
1936,Azitromicina,42,19,46,4
1937,Ceftazidima,43,26,36,4
1938,Trimetoprima-Sulfametoxazol,44,21,37,4
1939,Claritromicina,45,27,38,4
1940,Cefalexina,46,28,39,4
1941,Marbofloxacina,47,24,40,4
1942,Cloranfenicol,48,25,41,4
1943,Gentamicina,49,29,47,4
1944,Tilosina,55,19,43,4
1945,Lincomicina,51,26,44,4
1946,Ampicilina,56,21,45,4
1947,Tetraciclina,28,27,31,4
1948,Ciprofloxacina,29,28,32,4
1949,Fenbendazol,53,24,33,4
1950,Ivermectina,31,25,34,4
1951,Praziquantel,54,29,46,4
1952,Metronidazol,33,19,36,4
1953,Levamisol,34,26,37,4
1954,Albendazol,35,21,38,4
1955,Moxidectina,36,27,39,4
1956,Pirantel,37,28,40,4
1957,Selamectina,38,24,41,4
1958,Fipronil,39,25,47,4
1959,Itraconazol,40,29,43,4
1960,Fluconazol,41,19,44,4
1961,Ketoconazol,42,26,45,4
1962,Nistatina,43,21,31,4
1963,Anfotericina B,44,27,32,4
1964,Voriconazol,45,28,33,4
1965,Terbinafina,46,24,34,4
1966,Multivitamínico,47,25,46,4
1967,Vitamina A,48,29,36,4
1968,Vitamina D3,49,19,37,4
1969,Vitamina E,55,26,38,4
1970,Vitamina K,51,21,39,4
1971,Complejo B,56,27,40,4
1972,Vitamina C,28,28,41,4
1973,Biotina,29,24,47,4
1974,Ácido Fólico,53,25,43,4
1975,Tiamina,31,29,44,4
1976,Meloxicam,54,19,45,4
1977,Carprofeno,33,26,31,4
1978,Ketoprofeno,34,21,32,4
1979,Butorfanol,35,27,33,4
1980,Tramadol,36,28,34,4
1981,Prednisolona,37,24,46,4
1982,Dexametasona,38,25,36,4
1983,Gluconato de Calcio,39,29,37,4
1984,Oxitocina,40,19,38,4
1985,Lactulosa,41,26,39,4
1986,Metoclopramida,42,21,40,4
1987,Omeprazol,43,27,41,4
1988,Ranitidina,44,28,47,4
1989,Silimarina,45,24,43,4
1990,L-carnitina,46,25,44,4
1991,Probióticos,47,29,45,4
1992,Enzimas digestivas,48,19,31,4
1993,Enrofloxacina,49,26,32,4
1994,Doxiciclina,55,21,33,4
1995,Amoxicilina-Clavulánico,51,27,34,4
1996,Azitromicina,56,28,46,4
1997,Ceftazidima,28,24,36,4
1998,Trimetoprima-Sulfametoxazol,29,25,37,4
1999,Claritromicina,53,29,38,4
2000,Cefalexina,31,19,39,4
2001,Marbofloxacina,54,26,40,4
2002,Cloranfenicol,33,21,41,4
2003,Gentamicina,34,27,47,4
2004,Tilosina,35,28,43,4
2005,Lincomicina,36,24,44,4
2006,Ampicilina,37,25,45,4
2007,Tetraciclina,38,29,31,4
2008,Ciprofloxacina,39,19,32,4
2009,Fenbendazol,40,26,33,4
2010,Ivermectina,41,21,34,4
2011,Praziquantel,42,27,46,4
2012,Metronidazol,43,28,36,4
2013,Levamisol,44,24,37,4
2014,Albendazol,45,25,38,4
2015,Moxidectina,46,29,39,4
2016,Pirantel,47,19,40,4
2017,Selamectina,48,26,41,4
2018,Fipronil,49,21,47,4
2019,Itraconazol,55,27,43,4
2020,Fluconazol,51,28,44,4
2021,Ketoconazol,56,24,45,4
2022,Nistatina,28,25,31,4
2023,Anfotericina B,29,29,32,4
2024,Voriconazol,53,19,33,4
2025,Terbinafina,31,26,34,4
2026,Multivitamínico,54,21,46,4
2027,Vitamina A,33,27,36,4
2028,Vitamina D3,34,28,37,4
2029,Vitamina E,35,24,38,4
2030,Vitamina K,36,25,39,4
2031,Complejo B,37,29,40,4
2032,Vitamina C,38,19,41,4
2033,Biotina,39,26,47,4
2034,Ácido Fólico,40,21,43,4
2035,Tiamina,41,27,44,4
2036,Meloxicam,42,28,45,4
2037,Carprofeno,43,24,31,4
2038,Ketoprofeno,44,25,32,4
2039,Butorfanol,45,29,33,4
2040,Tramadol,46,19,34,4
2041,Prednisolona,47,26,46,4
2042,Dexametasona,48,21,36,4
2043,Gluconato de Calcio,49,27,37,4
2044,Oxitocina,55,28,38,4
2045,Lactulosa,51,24,39,4
2046,Metoclopramida,56,25,40,4
2047,Omeprazol,28,29,41,4
2048,Ranitidina,29,19,47,4
2049,Silimarina,53,26,43,4
2050,L-carnitina,31,21,44,4
2051,Probióticos,54,27,45,4
2052,Enzimas digestivas,33,28,31,4
2053,Enrofloxacina,34,24,32,4
2054,Doxiciclina,35,25,33,4
2055,Amoxicilina-Clavulánico,36,29,34,4
2056,Azitromicina,37,19,46,4
2057,Ceftazidima,38,26,36,4
2058,Trimetoprima-Sulfametoxazol,39,21,37,4
2059,Claritromicina,40,27,38,4
2060,Cefalexina,41,28,39,4
2061,Marbofloxacina,42,24,40,4
2062,Cloranfenicol,43,25,41,4
2063,Gentamicina,44,29,47,4
2064,Tilosina,45,19,43,4
2065,Lincomicina,46,26,44,4
2066,Ampicilina,47,21,45,4
2067,Tetraciclina,48,27,31,4
2068,Ciprofloxacina,49,28,32,4
2069,Fenbendazol,55,24,33,4
2070,Ivermectina,51,25,34,4
2071,Praziquantel,56,29,46,4
2072,Metronidazol,28,19,36,4
2073,Levamisol,29,26,37,4
2074,Albendazol,53,21,38,4
2075,Moxidectina,31,27,39,4
2076,Pirantel,54,28,40,4
2077,Selamectina,33,24,41,4
2078,Fipronil,34,25,47,4
2079,Itraconazol,35,29,43,4
2080,Fluconazol,36,19,44,4
2081,Ketoconazol,37,26,45,4
2082,Nistatina,38,21,31,4
2083,Anfotericina B,39,27,32,4
2084,Voriconazol,40,28,33,4
2085,Terbinafina,41,24,34,4
2086,Multivitamínico,42,25,46,4
2087,Vitamina A,43,29,36,4
2088,Vitamina D3,44,19,37,4
2089,Vitamina E,45,26,38,4
2090,Vitamina K,46,21,39,4
2091,Complejo B,47,27,40,4
2092,Vitamina C,48,28,41,4
2093,Biotina,49,24,47,4
2094,Ácido Fólico,55,25,43,4
2095,Tiamina,51,29,44,4
2096,Meloxicam,56,19,45,4
2097,Carprofeno,28,26,31,4
2098,Ketoprofeno,29,21,32,4
2099,Butorfanol,53,27,33,4
2100,Tramadol,31,28,34,4
2101,Prednisolona,54,24,46,4
2102,Dexametasona,33,25,36,4
2103,Gluconato de Calcio,34,29,37,4
2104,Oxitocina,35,19,38,4
2105,Lactulosa,36,26,39,4
2106,Metoclopramida,37,21,40,4
2107,Omeprazol,38,27,41,4
2108,Ranitidina,39,28,47,4
2109,Silimarina,40,24,43,4
2110,L-carnitina,41,25,44,4
2111,Probióticos,42,29,45,4
2112,Enzimas digestivas,43,19,31,4
2113,Enrofloxacina,44,26,32,4
2114,Doxiciclina,45,21,33,4
2115,Amoxicilina-Clavulánico,46,27,34,4
2116,Azitromicina,47,28,46,4
2117,Ceftazidima,48,24,36,4
2118,Trimetoprima-Sulfametoxazol,49,25,37,4
2119,Claritromicina,55,29,38,4
2120,Cefalexina,51,19,39,4
2121,Marbofloxacina,56,26,40,4
2122,Cloranfenicol,28,21,41,4
2123,Gentamicina,29,27,47,4
2124,Tilosina,53,28,43,4
2125,Lincomicina,31,24,44,4
2126,Ampicilina,54,25,45,4
2127,Tetraciclina,33,29,31,4
2128,Ciprofloxacina,34,19,32,4
2129,Fenbendazol,35,26,33,4
2130,Ivermectina,36,21,34,4
2131,Praziquantel,37,27,46,4
2132,Metronidazol,38,28,36,4
2133,Levamisol,39,24,37,4
2134,Albendazol,40,25,38,4
2135,Moxidectina,41,29,39,4
2136,Pirantel,42,19,40,4
2137,Selamectina,43,26,41,4
2138,Fipronil,44,21,47,4
2139,Itraconazol,45,27,43,4
2140,Fluconazol,46,28,44,4
2141,Ketoconazol,47,24,45,4
2142,Nistatina,48,25,31,4
2143,Anfotericina B,49,29,32,4
2144,Voriconazol,55,19,33,4
2145,Terbinafina,51,26,34,4
2146,Multivitamínico,56,21,46,4
2147,Vitamina A,28,27,36,4
2148,Vitamina D3,29,28,37,4
2149,Vitamina E,53,24,38,4
2150,Vitamina K,31,25,39,4
2151,Complejo B,54,29,40,4
2152,Vitamina C,33,19,41,4
2153,Biotina,34,26,47,4
2154,Ácido Fólico,35,21,43,4
2155,Tiamina,36,27,44,4
2156,Meloxicam,37,28,45,4
2157,Carprofeno,38,24,31,4
2158,Ketoprofeno,39,25,32,4
2159,Butorfanol,40,29,33,4
2160,Tramadol,41,19,34,4
2161,Prednisolona,42,26,46,4
2162,Dexametasona,43,21,36,4
2163,Gluconato de Calcio,44,27,37,4
2164,Oxitocina,45,28,38,4
2165,Lactulosa,46,24,39,4
2166,Metoclopramida,47,25,40,4
2167,Omeprazol,48,29,41,4
2168,Ranitidina,49,19,47,4
2169,Silimarina,55,26,43,4
2170,L-carnitina,51,21,44,4
2171,Probióticos,56,27,45,4
2172,Enzimas digestivas,28,28,31,4
2173,Enrofloxacina,29,24,32,4
2174,Doxiciclina,53,25,33,4
2175,Amoxicilina-Clavulánico,31,29,34,4
2176,Azitromicina,54,19,46,4
2177,Ceftazidima,33,26,36,4
2178,Trimetoprima-Sulfametoxazol,34,21,37,4
2179,Claritromicina,35,27,38,4
2180,Cefalexina,36,28,39,4
2181,Marbofloxacina,37,24,40,4
2182,Cloranfenicol,38,25,41,4
2183,Gentamicina,39,29,47,4
2184,Tilosina,40,19,43,4
2185,Lincomicina,41,26,44,4
2186,Ampicilina,42,21,45,4
2187,Tetraciclina,43,27,31,4
2188,Ciprofloxacina,44,28,32,4
2189,Fenbendazol,45,24,33,4
2190,Ivermectina,46,25,34,4
2191,Praziquantel,47,29,46,4
2192,Metronidazol,48,19,36,4
2193,Levamisol,49,26,37,4
2194,Albendazol,55,21,38,4
2195,Moxidectina,51,27,39,4
2196,Pirantel,56,28,40,4
2197,Selamectina,28,24,41,4
2198,Fipronil,29,25,47,4
2199,Itraconazol,53,29,43,4
2200,Fluconazol,31,19,44,4
2201,Ketoconazol,54,26,45,4
2202,Nistatina,33,21,31,4
2203,Anfotericina B,34,27,32,4
2204,Voriconazol,35,28,33,4
2205,Terbinafina,36,24,34,4
2206,Multivitamínico,37,25,46,4
2207,Vitamina A,38,29,36,4
2208,Vitamina D3,39,19,37,4
2209,Vitamina E,40,26,38,4
2210,Vitamina K,41,21,39,4
2211,Complejo B,42,27,40,4
2212,Vitamina C,43,28,41,4
2213,Biotina,44,24,47,4
2214,Ácido Fólico,45,25,43,4
2215,Tiamina,46,29,44,4
2216,Meloxicam,47,19,45,4
2217,Carprofeno,48,26,31,4
2218,Ketoprofeno,49,21,32,4
2219,Butorfanol,55,27,33,4
2220,Tramadol,51,28,34,4
2221,Prednisolona,56,24,46,4
2222,Dexametasona,28,25,36,4
2223,Gluconato de Calcio,29,29,37,4
2224,Oxitocina,53,19,38,4
2225,Lactulosa,31,26,39,4
2226,Metoclopramida,54,21,40,4
2227,Omeprazol,33,27,41,4
2228,Ranitidina,34,28,47,4
2229,Silimarina,35,24,43,4
2230,L-carnitina,36,25,44,4
2231,Probióticos,37,29,45,4
2232,Enzimas digestivas,38,19,31,4
2233,Enrofloxacina,39,26,32,4
2234,Doxiciclina,40,21,33,4
2235,Amoxicilina-Clavulánico,41,27,34,4
2236,Azitromicina,42,28,46,4
2237,Ceftazidima,43,24,36,4
2238,Trimetoprima-Sulfametoxazol,44,25,37,4
2239,Claritromicina,45,29,38,4
2240,Cefalexina,46,19,39,4
2241,Marbofloxacina,47,26,40,4
2242,Cloranfenicol,48,21,41,4
2243,Gentamicina,49,27,47,4
2244,Tilosina,55,28,43,4
2245,Lincomicina,51,24,44,4
2246,Ampicilina,56,25,45,4
2247,Tetraciclina,28,29,31,4
2248,Ciprofloxacina,29,19,32,4
2249,Fenbendazol,53,26,33,4
2250,Ivermectina,31,21,34,4
2251,Praziquantel,54,27,46,4
2252,Metronidazol,33,28,36,4
2253,Levamisol,34,24,37,4
2254,Albendazol,35,25,38,4
2255,Moxidectina,36,29,39,4
2256,Pirantel,37,19,40,4
2257,Selamectina,38,26,41,4
2258,Fipronil,39,21,47,4
2259,Itraconazol,40,27,43,4
2260,Fluconazol,41,28,44,4
2261,Ketoconazol,42,24,45,4
2262,Nistatina,43,25,31,4
2263,Anfotericina B,44,29,32,4
2264,Voriconazol,45,19,33,4
2265,Terbinafina,46,26,34,4
2266,Multivitamínico,47,21,46,4
2267,Vitamina A,48,27,36,4
2268,Vitamina D3,49,28,37,4
2269,Vitamina E,55,24,38,4
2270,Vitamina K,51,25,39,4
2271,Complejo B,56,29,40,4
2272,Vitamina C,28,19,41,4
2273,Biotina,29,26,47,4
2274,Ácido Fólico,53,21,43,4
2275,Tiamina,31,27,44,4
2276,Meloxicam,54,28,45,4
2277,Carprofeno,33,24,31,4
2278,Ketoprofeno,34,25,32,4
2279,Butorfanol,35,29,33,4
2280,Tramadol,36,19,34,4
2281,Prednisolona,37,26,46,4
2282,Dexametasona,38,21,36,4
2283,Gluconato de Calcio,39,27,37,4
2284,Oxitocina,40,28,38,4
2285,Lactulosa,41,24,39,4
2286,Metoclopramida,42,25,40,4
2287,Omeprazol,43,29,41,4
2288,Ranitidina,44,19,47,4
2289,Silimarina,45,26,43,4
2290,L-carnitina,46,21,44,4
2291,Probióticos,47,27,45,4
2292,Enzimas digestivas,48,28,31,4
2293,Enrofloxacina,49,24,32,4
2294,Doxiciclina,55,25,33,4
2295,Amoxicilina-Clavulánico,51,29,34,4
2296,Azitromicina,56,19,46,4
2297,Ceftazidima,28,26,36,4
2298,Trimetoprima-Sulfametoxazol,29,21,37,4
2299,Claritromicina,53,27,38,4
2300,Cefalexina,31,28,39,4
2301,Marbofloxacina,54,24,40,4
2302,Cloranfenicol,33,25,41,4
2303,Gentamicina,34,29,47,4
2304,Tilosina,35,19,43,4
2305,Lincomicina,36,26,44,4
2306,Ampicilina,37,21,45,4
2307,Tetraciclina,38,27,31,4
2308,Ciprofloxacina,39,28,32,4
2309,Fenbendazol,40,24,33,4
2310,Ivermectina,41,25,34,4
2311,Praziquantel,42,29,46,4
2312,Metronidazol,43,19,36,4
2313,Levamisol,44,26,37,4
2314,Albendazol,45,21,38,4
2315,Moxidectina,46,27,39,4
2316,Pirantel,47,28,40,4
2317,Selamectina,48,24,41,4
2318,Fipronil,49,25,47,4
2319,Itraconazol,55,29,43,4
2320,Fluconazol,51,19,44,4
2321,Ketoconazol,56,26,45,4
2322,Nistatina,28,21,31,4
2323,Anfotericina B,29,27,32,4
2324,Voriconazol,53,28,33,4
2325,Terbinafina,31,24,34,4
2326,Multivitamínico,54,25,46,4
2327,Vitamina A,33,29,36,4
2328,Vitamina D3,34,19,37,4
2329,Vitamina E,35,26,38,4
2330,Vitamina K,36,21,39,4
2331,Complejo B,37,27,40,4
2332,Vitamina C,38,28,41,4
2333,Biotina,39,24,47,4
2334,Ácido Fólico,40,25,43,4
2335,Tiamina,41,29,44,4
2336,Meloxicam,42,19,45,4
2337,Carprofeno,43,26,31,4
2338,Ketoprofeno,44,21,32,4
2339,Butorfanol,45,27,33,4
2340,Tramadol,46,28,34,4
2341,Prednisolona,47,24,46,4
2342,Dexametasona,48,25,36,4
2343,Gluconato de Calcio,49,29,37,4
2344,Oxitocina,55,19,38,4
2345,Lactulosa,51,26,39,4
2346,Metoclopramida,56,21,40,4
2347,Omeprazol,28,27,41,4
2348,Ranitidina,29,28,47,4
2349,Silimarina,53,24,43,4
2350,L-carnitina,31,25,44,4
2351,Probióticos,54,29,45,4
2352,Enzimas digestivas,33,19,31,4
2353,Enrofloxacina,34,26,32,4
2354,Doxiciclina,35,21,33,4
2355,Amoxicilina-Clavulánico,36,27,34,4
2356,Azitromicina,37,28,46,4
2357,Ceftazidima,38,24,36,4
2358,Trimetoprima-Sulfametoxazol,39,25,37,4
2359,Claritromicina,40,29,38,4
2360,Cefalexina,41,19,39,4
2361,Marbofloxacina,42,26,40,4
2362,Cloranfenicol,43,21,41,4
2363,Gentamicina,44,27,47,4
2364,Tilosina,45,28,43,4
2365,Lincomicina,46,24,44,4
2366,Ampicilina,47,25,45,4
2367,Tetraciclina,48,29,31,4
2368,Ciprofloxacina,49,19,32,4
2369,Fenbendazol,55,26,33,4
2370,Ivermectina,51,21,34,4
2371,Praziquantel,56,27,46,4
2372,Metronidazol,28,28,36,4
2373,Levamisol,29,24,37,4
2374,Albendazol,53,25,38,4
2375,Moxidectina,31,29,39,4
2376,Pirantel,54,19,40,4
2377,Selamectina,33,26,41,4
2378,Fipronil,34,21,47,4
2379,Itraconazol,35,27,43,4
2380,Fluconazol,36,28,44,4
2381,Ketoconazol,37,24,45,4
2382,Nistatina,38,25,31,4
2383,Anfotericina B,39,29,32,4
2384,Voriconazol,40,19,33,4
2385,Terbinafina,41,26,34,4
2386,Multivitamínico,42,21,46,4
2387,Vitamina A,43,27,36,4
2388,Vitamina D3,44,28,37,4
2389,Vitamina E,45,24,38,4
2390,Vitamina K,46,25,39,4
2391,Complejo B,47,29,40,4
2392,Vitamina C,48,19,41,4
2393,Biotina,49,26,47,4
2394,Ácido Fólico,55,21,43,4
2395,Tiamina,51,27,44,4
2396,Meloxicam,56,28,45,4
2397,Carprofeno,28,24,31,4
2398,Ketoprofeno,29,25,32,4
2399,Butorfanol,53,29,33,4
2400,Tramadol,31,19,34,4
2401,Prednisolona,54,26,46,4
2402,Dexametasona,33,21,36,4
2403,Gluconato de Calcio,34,27,37,4
2404,Oxitocina,35,28,38,4
2405,Lactulosa,36,24,39,4
2406,Metoclopramida,37,25,40,4
2407,Omeprazol,38,29,41,4
2408,Ranitidina,39,19,47,4
2409,Silimarina,40,26,43,4
2410,L-carnitina,41,21,44,4
2411,Probióticos,42,27,45,4
2412,Enzimas digestivas,43,28,31,4
2413,Enrofloxacina,44,24,32,4
2414,Doxiciclina,45,25,33,4
2415,Amoxicilina-Clavulánico,46,29,34,4
2416,Azitromicina,47,19,46,4
2417,Ceftazidima,48,26,36,4
2418,Trimetoprima-Sulfametoxazol,49,21,37,4
2419,Claritromicina,55,27,38,4
2420,Cefalexina,51,28,39,4
2421,Marbofloxacina,56,24,40,4
2422,Cloranfenicol,28,25,41,4
2423,Gentamicina,29,29,47,4
2424,Tilosina,53,19,43,4
2425,Lincomicina,31,26,44,4
2426,Ampicilina,54,21,45,4
2427,Tetraciclina,33,27,31,4
2428,Ciprofloxacina,34,28,32,4
2429,Fenbendazol,35,24,33,4
2430,Ivermectina,36,25,34,4
2431,Praziquantel,37,29,46,4
2432,Metronidazol,38,19,36,4
2433,Levamisol,39,26,37,4
2434,Albendazol,40,21,38,4
2435,Moxidectina,41,27,39,4
2436,Pirantel,42,28,40,4
2437,Selamectina,43,24,41,4
2438,Fipronil,44,25,47,4
2439,Itraconazol,45,29,43,4
2440,Fluconazol,46,19,44,4
2441,Ketoconazol,47,26,45,4
2442,Nistatina,48,21,31,4
2443,Anfotericina B,49,27,32,4
2444,Voriconazol,55,28,33,4
2445,Terbinafina,51,24,34,4
2446,Multivitamínico,56,25,46,4
2447,Vitamina A,28,29,36,4
2448,Vitamina D3,29,19,37,4
2449,Vitamina E,53,26,38,4
2450,Vitamina K,31,21,39,4
2451,Complejo B,54,27,40,4
2452,Vitamina C,33,28,41,4
2453,Biotina,34,24,47,4
2454,Ácido Fólico,35,25,43,4
2455,Tiamina,36,29,44,4
2456,Meloxicam,37,19,45,4
2457,Carprofeno,38,26,31,4
2458,Ketoprofeno,39,21,32,4
2459,Butorfanol,40,27,33,4
2460,Tramadol,41,28,34,4
2461,Prednisolona,42,24,46,4
2462,Dexametasona,43,25,36,4
2463,Gluconato de Calcio,44,29,37,4
2464,Oxitocina,45,19,38,4
2465,Lactulosa,46,26,39,4
2466,Metoclopramida,47,21,40,4
2467,Omeprazol,48,27,41,4
2468,Ranitidina,49,28,47,4
2469,Silimarina,55,24,43,4
2470,L-carnitina,51,25,44,4
2471,Probióticos,56,29,45,4
2472,Enzimas digestivas,28,19,31,4
2473,Enrofloxacina,29,26,32,4
2474,Doxiciclina,53,21,33,4
2475,Amoxicilina-Clavulánico,31,27,34,4
2476,Azitromicina,54,28,46,4
2477,Ceftazidima,33,24,36,4
2478,Trimetoprima-Sulfametoxazol,34,25,37,4
2479,Claritromicina,35,29,38,4
2480,Cefalexina,36,19,39,4
2481,Marbofloxacina,37,26,40,4
2482,Cloranfenicol,38,21,41,4
2483,Gentamicina,39,27,47,4
2484,Tilosina,40,28,43,4
2485,Lincomicina,41,24,44,4
2486,Ampicilina,42,25,45,4
2487,Tetraciclina,43,29,31,4
2488,Ciprofloxacina,44,19,32,4
2489,Fenbendazol,45,26,33,4
2490,Ivermectina,46,21,34,4
2491,Praziquantel,47,27,46,4
2492,Metronidazol,48,28,36,4
2493,Levamisol,49,24,37,4
2494,Albendazol,55,25,38,4
2495,Moxidectina,51,29,39,4
2496,Pirantel,56,19,40,4
2497,Selamectina,28,26,41,4
2498,Fipronil,29,21,47,4
2499,Itraconazol,53,27,43,4
2500,Fluconazol,31,28,44,4
2501,Ketoconazol,54,24,45,4
2502,Nistatina,33,25,31,4
2503,Anfotericina B,34,29,32,4
2504,Voriconazol,35,19,33,4
2505,Terbinafina,36,26,34,4
2506,Multivitamínico,37,21,46,4
2507,Vitamina A,38,27,36,4
2508,Vitamina D3,39,28,37,4
2509,Vitamina E,40,24,38,4
2510,Vitamina K,41,25,39,4
2511,Complejo B,42,29,40,4
2512,Vitamina C,43,19,41,4
2513,Biotina,44,26,47,4
2514,Ácido Fólico,45,21,43,4
2515,Tiamina,46,27,44,4
2516,Meloxicam,47,28,45,4
2517,Carprofeno,48,24,31,4
2518,Ketoprofeno,49,25,32,4
2519,Butorfanol,55,29,33,4
2520,Tramadol,51,19,34,4
2521,Prednisolona,56,26,46,4
2522,Dexametasona,28,21,36,4
2523,Gluconato de Calcio,29,27,37,4
2524,Oxitocina,53,28,38,4
2525,Lactulosa,31,24,39,4
2526,Metoclopramida,54,25,40,4
